Albergo,Indirizzo,Cap,Citta,Prov,Contatto,Stelle,Catena,Telefono,Web,Email,CamereSuite,PUNTEGGIO SU BOOKING,N Giudizi,FlagTerme,DoublePriceMin,FBLink
AIRONE DEL PARCO E DELLE TERME,San Giovanni,57037,Portoferraio,LI,NULL,4,,,http://www.hotelairone.info/,info@hotelairone.info,100,,,1,0,
Athena,Via Paolo Mascagni 55,53100,Siena,SI,NULL,4,,0577 286 313,http://www.hotelathena.com/,info@hotelathena.com,100,,,NULL,69,
Grand Hotel Villa Medici - A Sina Hotel,Via il Prato 42,50123,Firenze,FI,NULL,5,,,http://www.marriott.com/hotels/travel/flrak-sina-villa-medici-autograph-collection/?scid=bb1a189a-fe,*,100,,,NULL,187,
NH Cavalieri,Piazza Stazione 2,56125,Pisa,PI,NULL,4,,050 43290,https://www.nh-hotels.it/hotel/nh-pisa,nhpisa@nh-hotels.com,100,,,NULL,201.42,
Borgo La Bagnaia,Strada Statale 223 Siena-Grosseto Km. 12,53010,Murlo,SI,NULL,5,,,http://curiocollection3.hilton.com/en/hotels/italy/la-bagnaia-golf-and-spa-resort-siena-curio-collec,SAYLB_Labagnaiaresort@hilton.com,101,,,NULL,341,
Hotel Residence Palazzo Ricasoli,Via delle Mantellate 2,50129,Firenze,FI,NULL,4,,,http://www.hotelricasoli.it/,reservation@hotelricasoli.it,101,,,NULL,65,
PALAZZO RICASOLI RESIDENCE,"Via Delle Mantellate, 2",50100,Firenze,FI,NULL,3,,,NULL,palricas@tin.it,101,,,NULL,0,
SAVOY,"Piazza Repubblica, 7",50100,Firenze,FI,NULL,4,,,https://www.roccofortehotels.com/hotels-and-resorts/hotel-savoy/?utm_source=google&utm_medium=local&,*,101,,,NULL,0,
Grand Hotel Minerva,Piazza Santa Maria Novella 16,50123,Firenze,FI,NULL,4,,055 27230,http://www.grandhotelminerva.com/,info@grandhotelminerva.com,102,,,NULL,129,
JOLLY HOTEL CAVALIERI,"Piazza Stazione, 2",56125,Pisa,PI,NULL,4,,,https://www.nh-hotels.it/hotel/nh-pisa,nhpisa@nh-hotels.com,102,,,NULL,0,
Cavour,Via del Proconsolo 3,50122,Firenze,FI,NULL,4,,055 266 271,http://www.albergocavour.it/?utm_source=GoogleMyBusiness&utm_medium=referral&utm_campaign=GoogleMyBu,E2203-1-780x540@2x.jpg,103,,,NULL,100,
DE LA VILLE,"Viale S. Francesco D'Assisi, 5",51016,Montecatini Terme,PT,NULL,3,,,NULL,,103,,,1,0,
Grand Hotel Boston,Piazza Italia 5,53042,Chianciano Terme,SI,NULL,4,,0578 63472,http://www.grandhotelboston.it/,reservations@grandhotelboston.it,103,,,NULL,150,
Grand Hotel Panoramic,Viale Bustichini 65,51016,Montecatini Terme,PT,NULL,4,,0572 78381,http://www.grandhotelpanoramic.it/,info@grandhotelpanoramic.it,103,,,NULL,47.2,
GRAND HOTEL VILLA MEDICI,"Via Il Prato, 42",50123,Firenze,FI,NULL,5,Sina Hotels,055277171,https://www.sinahotels.com/en/h/sina-villa-medici-florence/,sinahotels@sinahotels.it,103,,,NULL,0,
MAJESTIC,"Via Del Melarancio, 1",50123,Firenze,FI,NULL,4,,,http://www.hotelmajesticflorence.com/,*,103,,,NULL,0,
Starhotels Tuscany,Via di Novoli 59,50127,Firenze,FI,NULL,4,,055 431 441,http://www.starhotels.com/en/our-hotels/tuscany-florence/?utm_source=google&utm_medium=local&utm_cam,*,103,,,NULL,81,
AC10 LIVORNO,"Via Giotto Ciardi, 28",57121,Livorno,LI,NULL,4,AC 10 HOTELS,0586426722,http://www.maxhotels.it/,livorno@maxhotels.it,104,,,NULL,0,
CRISTALLO,"Via Lombardia, 35",53042,Chianciano Terme,SI,NULL,3,,,NULL,,104,,,1,0,
GRAND HOTEL BELLAVISTA PALACE & GOLF,"Viale Fedeli, 2",51016,Montecatini Terme,PT,NULL,5,,,http://www.bellavistamontecatini.it/,info@bellavistamontecatini.it,104,,,1,0,
Grand Hotel Nizza et Suisse,Viale Verdi 72,51016,Montecatini Terme,PT,NULL,4,,,http://www.grandhotelnizza.it/,info@grandhotelnizza.it,104,,,NULL,90,
MAX Hotel Livorno,Via Giotto Ciardi 28,57121,Livorno,LI,NULL,4,,,http://www.maxhotels.it/,livorno@maxhotels.it,104,,,NULL,85.5,
PANORAMIC,"Viale Bustichini, 65",51016,Montecatini Terme,PT,NULL,4,GALLIGANIHOTELS,057278381,http://WWW.GRANDHOTELPANORAMIC.IT,panoramic@email.it,104,,,1,0,
Grand Hotel Principe di Piemonte,Piazza Giacomo Puccini 1,55049,Viareggio,LU,NULL,4,,0584 4011,http://www.principedipiemonte.com/,"assistenza@blastness.com,info@principedipiemonte.com",106,,,NULL,169,
GRAND HOTEL PRINCIPE DI PIEMONTE L,"P.zza Puccini, 1",55049,Viareggio,LU,Ariela D,4,Mita Hotels,+39 0584 4011,http://www.principedipiemonte.com,info@principedipiemonte.com,106,,,NULL,0,
Villa delle Rose,Via del Castellare 21,51017,Pescia,PT,NULL,4,,,http://www.rphotels.com/,*,106,,,NULL,69,
VILLA DELLE ROSE,"Via Del Castellare, 21",51012,Pescia,PT,NULL,3,,,NULL,hotelvilladellerose@tin.it,106,,,NULL,0,
AC Pisa,Via delle Torri - Localit√† Cisanello,56124,Pisa,PI,NULL,4,,,http://www.marriott.com/hotels/travel/psaps-ac-hotel-pisa/?scid=bb1a189a-fec3-4d19-a255-54ba596febe2,*,107,,,NULL,75,
ANGLO AMERICAN,"Via Giuseppe Garibaldi, 9",50100,Firenze,FI,NULL,4,,,https://www.nh-hotels.it/hotel/nh-firenze-anglo-american,nhangloamerican@nh-hotels.com,107,,,NULL,0,
BEST WESTERN GRAND HOTEL ROYAL,"Viale Carducci, 44",55049,Viareggio,LU,NULL,4,,,http://www.hotelroyalviareggio.it,info@hotelroyalviareggio.it,107,,,NULL,0,
DEL GOLFO,Via Provinciale,57030,Procchio,LI,NULL,4,,,http://www.hoteldelgolfo.it/,*,107,,,NULL,0,
Grand Hotel,Piazza Ognissanti 1,50123,Firenze,FI,NULL,5,,055 27161,http://www.stregisflorence.com/?SWAQ=958C,nr@seenError,107,,,NULL,295,
GRAND HOTEL,"Piazza Ognissanti, 1",50100,Firenze,FI,NULL,5,,,NULL,,107,,,NULL,0,
GRAND HOTEL,"Piazza Italia, 80",53042,Chianciano Terme,SI,NULL,4,,,http://www.grand-hotel-terme-chianciano.com/,ig-badge-view-sprite-24@2x.png,107,,,1,0,
HOTEL LACONA,Viale dei Golfi 544b ‚Äì Isola d‚ÄôElba,57031,Capoliveri,LI,Robi Veltroni,4,,0565964050,http://www.hotellacona.com,booking@tuscanhotels.it,107,,,0,0,
EUROPA,"Via Della Querceta, 2",51016,Montecatini Terme,PT,NULL,3,,,http://www.hoteleuropa.eu/,info@hoteleuropa.net,108,,,1,0,
NIZZA ET SUISSE,"Viale Verdi, 72",51016,Montecatini Terme,PT,NULL,4,E'hotelS,057279691,http://www.grandhotelnizza.it,info@grandhotelnizza.it,108,,,1,0,
PHALESIA,"Viale Regina Margherita, 110",57025,Piombino,LI,NULL,4,,,NULL,phalesia@tin.it,108,,,NULL,0,
SANTA CHIARA,"Via Dei Colli, 50",53042,Chianciano Terme,SI,NULL,3,,,NULL,hotelschiara@libero.it,108,,,1,0,
Art Hotel Museo,Viale della Repubblica 289,50047,Prato,PO,NULL,4,,0574 5787,http://www.arthotel-museo.it/,info@arthotel-milano.it,110,,,NULL,60,
ART HOTEL MUSEO,"Viale Della Repubblica, 289",59100,Prato,PO,NULL,4,ART HOTEL ITALY,05745787,http://www.arthotel.it,internetmanager@arthotel-museo.it,110,,,NULL,0,
FIRENZE NOVA,"Via Panciatichi, 51",50100,Firenze,FI,NULL,3,,,http://www.firenzenova.it,reception@firenzenova.it,110,,,NULL,0,
Golden Tulip Mirage Hotel,Via Francesco Baracca 231/18,50127,Firenze,FI,NULL,4,,055 352011,http://www.hotelmirage.it/,info@hotelmirage.it,111,,,NULL,64.68,
MIRAGE,"Via F. Baracca, 231 18",50100,Firenze,FI,NULL,4,,,NULL,,111,,,NULL,0,
Auto Park Hotel,Via Valdegola 1,50127,Firenze,FI,NULL,3,,055 431771,http://www.hotelautopark.com/,info@hotelautopark.com,113,,,NULL,59,
GOLF HOTEL,"Via Del Gualdo, 2",58043,Castiglione Della Pescaia,GR,NULL,4,,,NULL,,113,,,NULL,0,
Ambasciatori B&H Hotels,Via Luigi Alamanni 3,50123,Firenze,FI,NULL,4,,(415) 821-6545,https://www.hotelambasciatori.net/index.html,*,114,,,NULL,87.5,
AUTO PARK HOTEL,"Via Valdegola, 1",50100,Firenze,FI,NULL,3,,,NULL,,114,,,NULL,0,
BEST WESTERN HOTEL ADRIATICO,"Via M. Finiguerra, 9",50100,Firenze,FI,NULL,4,,,http://www.hoteladriatico.it/,info@hoteladriatico.it,114,,,NULL,0,
Grand Hotel Royal,Viale Carducci 44,55049,Viareggio,LU,NULL,4,,0584 45151,http://www.hotelroyalviareggio.it/,info@hotelroyalviareggio.it,114,,,NULL,89,
NH Anglo American,Via Garibaldi 9,50123,Firenze,FI,NULL,4,,055 282114,https://www.nh-hotels.it/hotel/nh-firenze-anglo-american,nhangloamerican@nh-hotels.com,114,,,NULL,132,
AMBASCIATORI,"Via V. Della Liberta', 512",53042,Chianciano Terme,SI,NULL,4,,057864371,http://www.barbettihotels.it,ambasciatori@barbettihotels.it,115,,,1,0,
Francia e Quirinale,Viale IV Novembre 77,51016,Montecatini Terme,PT,NULL,4,,,http://www.franciaequirinale.it/,info@franciaequirinale.it,115,,,NULL,60,
Grand Hotel Ambasciatori,Viale della Libert√† 512,53042,Chianciano Terme,SI,NULL,4,,0578 64374,https://ambasciatori.barbettihotels.it/,ambasciatori@barbettihotels.it,115,,,NULL,105,
FIRST,"Via D. Ciolli, 5",50041,Calenzano,FI,NULL,4,SPACE HOTELS,,http://www.hotelfirst.it,firenze@hotelfirst.it,116,,,NULL,0,
AC Hotel Firenze,Via Luciano Bausi 5,50100,Firenze,FI,NULL,4,,,http://www.marriott.com/hotels/travel/flrfi-ac-hotel-firenze/?scid=bb1a189a-fec3-4d19-a255-54ba596fe,*,118,,,NULL,110,
FRANCIA E QUIRINALE,"Viale Iv Novembre, 77",51016,Montecatini Terme,PT,NULL,4,,,http://www.franciaequirinale.it/,info@franciaequirinale.it,118,,,1,0,
Starhotels Michelangelo,Viale Fratelli Rosselli 2,50123,Firenze,FI,NULL,4,,055 27841,http://www.starhotels.com/en/our-hotels/michelangelo-florence/?utm_source=google&utm_medium=local&ut,*,119,,,NULL,81,
B&B Hotel Firenze Nuovo Palazzo di Giustizia,Viale Alessandro Guidoni 87,50127,Firenze,FI,NULL,3,,(415) 775-1755,http://www.hotel-bb.com/it/hotel/firenze-nuovo-palazzo-giustizia.htm?utm_source=googlemaps&utm_mediu,fi.giustizia@hotelbb.com,120,,,NULL,55,
GRAND HOTEL CROCE DI MALTA,"Viale Iv Novembre, 18",51016,Montecatini Terme,PT,NULL,4,,,http://www.grandhotelcrocedimalta.com/it,info@crocedimalta.com,120,,,1,0,
Lacona,Viale dei Golfi,57031,Capoliveri,LI,NULL,4,,0565 964 050,http://www.hotellacona.com,booking@hotellacona.com,120,,,NULL,134,
MODERNO.,"Via Londra, 5",50100,Pontassieve,FI,NULL,4,,0558315541,http://www.hotelmodernofirenze.it/,info@hotelmodernofirenze.it,120,,,NULL,0,
SAN SIMEONE,"Costa Della Chiesa, 11",53023,Castiglione D'Orcia,SI,NULL,3,,,http://www.hotelsansimeone.com,info@hotelsansimeone.com,120,,,1,0,
Abitalia Tower Plaza,Viale delle Cascine angolo Via Aurelia,56122,Pisa,PI,NULL,5,,,http://www.abitaliatowerplaza.it/,info@abitaliatowerplaza.it,121,,,NULL,109.6,
GARDEN,"Via Custoza, 2",53100,Siena,SI,NULL,4,Charme & Relax,,http://www.gardenhotel.it/,info@gardenhotel.it,122,,,NULL,0,
Grand Hotel Elba International,Localit√† Naregno,57031,Capoliveri,LI,NULL,4,,0565 946111,http://www.elbainternational.it/,info@elbainternational.it,122,,,NULL,138,
Cordial Golf Residence Il Pelagone,Localit√† Il Pelagone 28 - Via Aurelia km 219,58023,Gavorrano,GR,NULL,4,,,http://www.cordial.at/en/Hotel_und_Golf_Resort_Il_Pelagone_Toskana/,chpelagone@cordial.at,123,,,NULL,145,
Grand Hotel Palazzo Livorno,Viale Italia 195,57127,Livorno,LI,NULL,5,,,http://www.accorhotels.com/lien_externe.svlt?goto=fiche_hotel&code_hotel=A2H1&merchantid=seo-maps-IT,ricevimento@ghpalazzo.it,123,,,NULL,140,
LACONA,Loc. Lacona,57031,Elba - Capoliveri - Lacona,LI,NULL,3,,,http://www.algest.it,lacona@algest.it,123,,,NULL,0,
Garden,Via Custoza 2,53100,Siena,SI,NULL,4,,0577 567 111,http://www.gardenhotel.it/,info@gardenhotel.it,125,,,NULL,84.15,
BEST WESTERN GRAND HOTEL ELBA INTERNATIONAL,"Loc. Baia Della Fontanella, 1",57031,Elba - Capoliveri - Naregno,LI,NULL,4,,,http://www.elbainternational.it,info@elbainternational.it,126,,,NULL,0,
Grand Hotel Adriatico,Via M. Finiguerra 9,50123,Firenze,FI,NULL,4,,055 2381781,http://www.hoteladriatico.it/it/,info@hoteladriatico.it,126,,,NULL,83.3,
First,Via Dino Ciolli 5,50041,Calenzano,FI,NULL,4,,,http://www.hotelfirst.it/,*,127,,,NULL,55,
STARHOTEL MONGINEVRO,"Via Di Novoli, 59",50100,Firenze,FI,NULL,4,,,NULL,,127,,,NULL,0,
NH Excelsior,Piazza la Lizza 1,53100,Siena,SI,NULL,4,,0577 382111,https://www.nh-hotels.it/hotel/nh-siena,nhsiena@nh-hotels.com,129,,,NULL,211.75,
Minerva,Via Fiorentina 4,52100,Arezzo,AR,NULL,4,,0575 178 9071,http://www.hotel-minerva.it/?utm_source=google_maps&utm_medium=organic&utm_campaign=mybusiness,info@hotel-minerva.it,130,,,NULL,89,
BEST WESTERN GRAND HOTEL ELBA INTERNATIONAL,"Baia Della Fontanella, 1",57031,Capoliveri,LI,NULL,4,,,http://www.elbainternational.it,direzione@elbainternational.it,131,,,NULL,0,
TOMBOLO,"Marina Di Castagneto - Via Del Corallo, 3",57022,Castagneto Carducci,LI,NULL,5,,,http://www.tombolotalasso.it/it/,info@grandhoteltombolo.com,131,,,NULL,0,
ALBERGO HOTEL MINERVA,"Via Fiorentina, 4",52100,Arezzo,AR,,4,,0575370390,http://www.hotel-minerva.it/?utm_source=google_maps&utm_medium=organic&utm_campaign=mybusiness,*,132,,,NULL,0,
Grand Hotel & La Pace,Via della Torretta 1,51016,Montecatini Terme,PT,NULL,5,,(415) 284-4000,http://www.grandhotellapace.it/,info@grandhotellapace.it,132,,,NULL,270,
HERMITAGE,"Via Biodola, 1",57037,Biodola,LI,NULL,4,,,http://www.hotelhermitage.it,info@hotelhermitage.it,134,,,1,0,
ACADEMY HOTEL,Via Lombardi,53100,Siena,SI,NULL,3,,,NULL,,136,,,NULL,0,
AMBASCIATORI,"Via Luigi Alamanni, 3",50123,Firenze,FI,NULL,4,,055055287421,https://www.hotelambasciatori.net/index.html,smartelli@hotelambasciatori.net,136,,,NULL,0,
DEGLI ULIVI,"Via A. Lombardi, 41",53100,Siena,SI,NULL,4,,,NULL,,136,,,NULL,0,
STARHOTELS MICHELANGELO,"Viale Fratelli Rosselli, 2",50100,Firenze,FI,NULL,4,,,http://www.starhotels.com/en/our-hotels/michelangelo-florence/?utm_source=google&utm_medium=local&ut,*,138,,,NULL,0,
Raffaello,Viale Morgagni 19,50134,Firenze,FI,NULL,4,,055 4224141,http://www.raffaellohotel.it/,odavolterra@virgilio.it,140,,,NULL,69,
RAFFAELLO,"Viale Morgagni, 19",50134,Firenze,FI,NULL,4,,0554224141,http://www.raffaellohotel.it,info@raffaellohotel.it,140,,,NULL,0,
TERME DI SATURNIA,Strada Della Follonata,58050,Saturnia - Manciano,GR,NULL,4,TERME DI SATURNIA,0564600111,http://www.termedisaturnia.it,alombardi@termedisaturnia.it,140,,,1,0,
GRAND HOTEL TAMERICI E PRINCIPE,"Viale Iv Novembre, 2",51016,Montecatini Terme,PT,NULL,4,,0572 71041,http://www.hoteltamerici.it,info@hoteltamerici.it,141,,,1,0,
VENTACLUB ORTANO MARE,"Ortano, 15",54038,Rio Marina,LI,NULL,4,,,http://www.ventaglio.com,ortano.direzione@ventaglio.com,141,,,NULL,0,
Grand Hotel Croce di Malta,Viale IV Novembre 18,51016,Montecatini Terme,PT,NULL,4,,0572 9201,http://www.grandhotelcrocedimalta.com/it,info@crocedimalta.com,145,,,NULL,75,
Grand Hotel Tamerici e Principe,Viale IV Novembre 4,51016,Montecatini Terme,PT,NULL,4,,0572 71041,http://www.hoteltamerici.it/,info@hoteltamerici.it,146,,,NULL,100,
Green Park Resort,Via dei Tulipani 1,56018,Pisa,PI,NULL,4,,050 3135711,http://www.greenparkresort.com/,greenpark@th-resorts.com,148,,,NULL,110,
GRAND HOTEL & LA PACE,"Corso Roma, 12",51016,Montecatini Terme,PT,NULL,5,,,http://www.grandhotellapace.it/,info@grandhotellapace.it,150,,,1,0,
HOLIDAY INN FLORENCE NORTH,Area Di Servizio Fi nord,50019,Sesto Fiorentino,FI,NULL,4,,,http://www.thegatehotel.it/,info@thegatehotel.it,151,,,NULL,0,
Unaway Firenze Nord - A1,Area di servizio Firenze Nord - A1,50013,Sesto Fiorentino,FI,NULL,4,,,http://www.thegatehotel.it/,info@thegatehotel.it,151,,,NULL,69,
NH Firenze,Piazza Vittorio Veneto 4/A,50123,Firenze,FI,NULL,4,,055 2770,https://www.nh-hotels.it/hotel/nh-firenze,nhfirenze@nh-hotels.com,152,,,NULL,198,
My One Hotel Galilei,Via Darsena 1,56125,Pisa,PI,NULL,4,,,http://www.hotelgalileipisa.it/,info@hotelgalileipisa.it,153,,,NULL,60,
BEST WESTERN GRAND HOTEL GUINIGI,"Via Romana, 1247",55100,Lucca,LU,NULL,4,Best Western,,http://www.grandhotelguinigi.it/,PageBase.vb@OnInit,158,,,1,0,
EXCELSIOR,"Piazza Ognissanti, 3",50100,Firenze,FI,NULL,5,,,NULL,,158,,,NULL,0,
Londra,Via Jacopo da Diacceto 18,50123,Firenze,FI,NULL,4,,055 27390,http://www.hotellondra.com/en/index.php,info@hotellondra.com,166,,,NULL,89,
Grand Hotel Guinigi,Via Romana 1247,55100,Lucca,LU,NULL,4,,0583 4991,https://www.grandhotelguinigi.it/,PageBase.vb@OnInit,167,,,NULL,89,
JOLLY HOTEL CARLTON,"Piazza Vittorio Veneto, 4A",50100,Firenze,FI,NULL,4,,,https://www.nh-hotels.it/hotel/nh-firenze,nhfirenze@nh-hotels.com,167,,,NULL,0,
GRANDUCA,"Via Statale Brennero, 13",56017,San Giuliano Terme,PI,NULL,4,,,http://www.hotelgranduca.it,reception@hotelgranduca.it,170,,,1,0,
The Westin Excelsior,Piazza Ognissanti 3,50123,Firenze,FI,NULL,5,,055 27151,http://www.westinflorence.com/?SWAQ=958C,nr@seenError,171,,,NULL,285,
Grand Hotel Continental,Largo Belvedere 26,56018,Pisa,PI,NULL,4,,,http://www.grandhotelcontinental.it/,info@grandhotelcontinental.it,175,,,NULL,109,
RIVA DEL SOLE,"Localita' Riva Del Sole, snc",58043,Castiglione Della Pescaia,GR,NULL,4,,0564928111,https://rivadelsole.it/,info@rivadelsole.it,175,,,NULL,0,
Novotel Firenze Nord Aeroporto,Via Tevere 23,50019,Sesto Fiorentino,FI,NULL,4,,,http://www.accorhotels.com/lien_externe.svlt?goto=fiche_hotel&code_hotel=1798&merchantid=seo-maps-IT,H1798-RE@ACCOR.COM,180,,,NULL,79,
Il Ciocco Hotels & Resort,Localit√† San Quirico,55020,Barga,LU,NULL,4,,,http://www.marriott.com/hotels/travel/lcvbr-renaissance-tuscany-il-ciocco-resort-and-spa/?scid=bb1a1,*,187,,,NULL,126,
FATTORIA LA PRINCIPINA,"S. P. Delle Collacchie, 465",58046,Principina Terra,GR,NULL,4,,056444141,http://www.maremma.toscana.it,info@italycongress.com,190,,,1,0,
Grand Hotel Baglioni,Piazza Unit√† Italiana 6,50100,Firenze,FI,NULL,4,,,http://www.hotelbaglioni.it/,infodesk@hotelbaglioni.it,193,,,NULL,111.35,
Fattoria La Principina,Via San Rocco 465,58046,Grosseto,GR,NULL,4,,,http://www.fattorialaprincipina.it/,info@fattorialaprincipina.it,194,,,NULL,100,
Hilton Florence Metropole,Via del Cavallaccio 36,50142,Firenze,FI,NULL,4,,,http://www3.hilton.com/en/hotels/italy/hilton-florence-metropole-FLRHFHI/index.html?WT.mc_id=zELWAKN,florencemetropole_info@hilton.com,212,,,NULL,135,
DELTA FLORENCE,"Via V. Emanuele, 3",50041,Calenzano,FI,NULL,4,,,NULL,,246,,,NULL,0,
Nilhotel,Via Barsanti 27A/B,50127,Firenze,FI,NULL,4,,,http://www.nilhotel.it/,info@nilhotel.it,246,,,NULL,90,
IL CIOCCO,Loc. San Quirico,55051,Castelvecchio Pascoli - Barga,LU,NULL,4,,,http://ciocco.it/it-it/,*,258,,,NULL,0,
Sheraton,Via Giovanni Agnelli 33,50126,Firenze,FI,NULL,4,,055 64901,http://www.conferenceflorentiahotel.com/,"assistenza@blastness.com,info@conferenceflorentiahotel.com",325,,,NULL,90,
Mediterraneo,Lungarno del Tempio 44,50121,Firenze,FI,NULL,4,,055 660241,http://www.hotelmediterraneo.com/,info@hotelmediterraneo.com,331,,,NULL,68,
GARDEN CLUB TOSCANA,Via Della Principessa,57027,San Vincenzo,LI,NULL,3,,,http://www.valtur.it/it/resort/garden-toscana/,scrivi@valtur.it,430,,,NULL,0,
CLUB HOTEL DE LA GARE,"Via S. Caterina Da Siena, 11",50100,Firenze,FI,NULL,3,,,NULL,,61,,,NULL,0,
Hermitage,Via Ginepraia 112,59016,Poggio a Caiano,PO,NULL,3,,055 877 7085,NULL,,61,,,NULL,75,
I PRESIDI,"Via Mura Di Levante, 34",58015,Orbetello,GR,NULL,3,,,https://www.ipresidi.com/,info@ipresidi.com,61,,,1,0,
Montebello Splendid,Via Garibaldi 14,50123,Firenze,FI,NULL,5,,055 27471,http://montebellosplendid.com/,k@P,61,,,NULL,168.75,
PARK HOTEL,"Via Roncacci, 30",53045,Chianciano Terme,SI,NULL,3,,,http://www.parkhotelchianciano.it/,info@parkhotelchianciano.it,61,,,1,0,
San Giorgio and Olimpic,Via Sant'Antonino 3,50123,Firenze,FI,NULL,3,,055 284 344,http://www.hotelsangiorgioflorence.com/,info@hotelsangiorgioflorence.com,61,,,NULL,62,
SANREMO,"Via Ingegnoli, 21",53042,Chianciano Terme,SI,NULL,3,,057863301,https://www.chiancianoterme.com/hotel/sanremo,albergosanremo@libero.it,61,,,1,0,
ART GALLERY,"Vicolo Dell'Oro, 5",50100,Firenze,FI,NULL,4,,,NULL,,62,,,NULL,0,
B&H Hotels Club,Via Santa Caterina da Siena 11,50123,Firenze,FI,NULL,3,,(415) 775-1755,https://www.hotelclubflorence.com/index.html,*,62,,,NULL,59,
DEI CORALLI,"Viale Degli Etruschi, 81",57034,Elba - Campo Nell'Elba - Marina Di Campo,LI,NULL,3,,,NULL,hcoralli@tin.it,62,,,NULL,0,
EUROPA,"Piazza Stazione, 10",50058,Signa,FI,NULL,3,,,http://www.hoteleuropasigna.it/,info@hoteleuropasigna.it,62,,,NULL,0,
GRAND HOTEL TERME,"Piazza Italia, 8",53042,Chianciano Terme,SI,NULL,4,,057863254,http://www.medeahotels.com,ght.prenotazioni@medeahotels.com,62,,,1,0,
HOLIDAY INN,Aurelia Km. 342+750 - Migliarino,56019,Vecchiano,PI,NULL,4,,,NULL,,62,,,NULL,0,
Holiday Inn Pisa-Migliarino,"Strada Statale Aurelia Km 342,750",56019,Vecchiano,PI,NULL,4,,,http://www.mediturhotelpisa.it/,info@mediturhotelpisa.it,62,,,NULL,0,
LA ROTONDA,"Via Dante, 52",56025,Pontedera,PI,NULL,3,,,NULL,hotellarotonda@tiscalinet.it,62,,,NULL,0,
Park Hotel Villa Ariston,Viale Sergio Bernardini 355,55043,Camaiore,LU,NULL,4,,0584 610 633,https://www.versiliarestaurants.it/,"info@villaariston.it,johnsmith@example.com,j@GZ.0Ddfc",62,,,NULL,128,
RESTHOTEL PRIMEVERE,"Via Aurelia Km, 342+750",56019,Vecchiano,PI,NULL,3,,,NULL,,62,,,NULL,0,
Rex,Via del Litorale 164,57128,Livorno,LI,NULL,4,,0586 580 400,http://www.hotelrex.it/,*,62,,,NULL,90,
REX,"Via Del Litorale, 164",57128,Livorno - Antignano,LI,NULL,4,,,http://www.hotelrex.it,info@hotelrex.it,62,,,NULL,0,
SANTA CATERINA,"Via Aurelia Nord, 14",57027,San Vincenzo,LI,NULL,3,,,NULL,,62,,,NULL,0,
Universo,Viale Baccelli 95,53042,Chianciano Terme,SI,NULL,3,,0578 64608,https://www.albergouniverso.com/,*,62,,,NULL,70,
VILLA MARGHERITA,"Via Marconi, 20",56034,Casciana Terme,PI,NULL,3,,0587646113,http://www.margherita-hotel.it,info@margherita-hotel.it,62,,,1,0,
Bracciotti,Viale Colombo 366,55043,Camaiore,LU,NULL,3,,0584 618401,https://www.hotelbracciotti.com/,*,63,,,NULL,80,
Gran Duca,Piazza Giuseppe Micheli 16,57123,Livorno,LI,NULL,4,,,http://www.granduca.it/,*,63,,,NULL,126,
HERMITAGE,"Via Cesare Battisti, 50",55042,Forte Dei Marmi,LU,NULL,4,,,http://www.albergohermitage.it,info@albergohermitage.it,63,,,NULL,0,
La Pace,Viale A. Gramsci 14,56125,Pisa,PI,NULL,3,,050 29351,http://www.hotellapace.it/,*,63,,,NULL,74,
MANZONI,"Viale Manzoni, 28",51016,Montecatini Terme,PT,NULL,3,QUALITY HOTELS,,http://www.hotelmanzoni.info/,info@hotelmanzoni.info,63,,,1,0,
Michelangelo,Via delle Piane 146,53042,Chianciano Terme,SI,NULL,4,,,http://www.hotel-michelangelo.it/,info@hotel-michelangelo.it,63,,,NULL,80,
MICHELANGELO,"Via Delle Piane, 146",53042,Chianciano Terme,SI,NULL,4,,,NULL,hotelmichelangelo@libero.it,63,,,1,0,
Moderno,Via B. Peruzzi 19,53100,Siena,SI,NULL,3,,0577 288453,http://www.hotelmodernosiena.it/,*,63,,,NULL,90,
Oasi Neumann,Via delle Contesse 1,52044,Cortona,AR,NULL,3,,0575 630 354,http://www.hoteloasineumann.it/,info@hoteloasineumann.it,63,,,NULL,80,
PARK HOTEL GALILEO,"Via Prulli, 103",50066,Prulli - Reggello,FI,NULL,3,,,NULL,hotelgalileo@supereva.it,63,,,NULL,0,
Park Hotel Villa Ariston,"Viale S. Bernardini, 355",55043,Lido Di Camaiore,LU,"Federica Balducci (prenotazioni individuali) - Alexandra Stapf (meeting e congressi, eventi, nozze)",4,,0584610633,https://www.villaariston.it/,info@villaariston.it,63,,,NULL,0,
Torretta,Viale Bustichini 63,51016,Montecatini Terme,PT,NULL,4,,0572 70305,http://www.hoteltorretta.it/it/index.php,info@hoteltorretta.it,63,,,NULL,60,
Versilia Palace Hotel,Viale Roma 27 - Localit√† Fiumetto,55045,Pietrasanta,LU,NULL,4,,0584 745 848,http://www.hotel-versiliapalace-versilia.com/,versiliapalace@remarhotels.com,63,,,NULL,100,
Wall Art,Viale della Repubblica 8,59100,Prato,PO,NULL,4,,,http://www.wallart.it/,info@wallart.it,63,,,NULL,80,
BOLOGNA,"Via Giuseppe Mazzini, 57",56125,Pisa,PI,NULL,3,,,http://hotelbologna.pisa.it/,info@hotelbologna.pisa.it,64,,,NULL,0,
Columbia,Corso Roma 19,51016,Montecatini Terme,PT,NULL,4,,02 3206 28093,https://www.hotelcolumbia.it/,*,64,,,NULL,79,
GRAND HOTEL E RIVIERA,"Viale Lungomare Pistelli, 59",55043,Camaiore,LU,NULL,4,,,http://www.grandhotelriviera.it/,*,64,,,NULL,0,
LE CERBAIE,"Loc. Cerbaia, 44",55011,Altopascio,LU,NULL,3,,,NULL,futures@tin.it,64,,,NULL,0,
MASSIMO D'AZEGLIO,"Corso Matteotti, 42",51016,Montecatini Terme,PT,NULL,3,,,http://www.hotelmassimodazeglio.it/,info@hotelmassimodazeglio.it,64,,,1,0,
MIRAMARE,"Via Marconi, 8",57012,Rosignano Marittimo - Castiglioncello,LI,NULL,3,,,NULL,,64,,,NULL,0,
MODERNO,"Via B. Peruzzi, 19",53100,Siena,SI,NULL,3,,,http://www.sienanet.it,moderno@sienanet.it,64,,,NULL,0,
PARK HOTEL NAPOLEONE,57037 - Elba - Portoferraio (LI),,Portoferraio,LI,NULL,4,,,NULL,parkhotelnapoleone@tiscali.it,64,,,NULL,0,
Villa Le Maschere,Via Nazionale 75,50031,Barberino di Mugello,FI,NULL,5,,,http://www.villalemaschere.it/,"assistenza@blastness.com,info@villalemaschere.it,info@golfpoggiodeimedici.com",64,,,NULL,238,
AMBROSIANO,"Corso Matteotti, 65",51016,Montecatini Terme,PT,NULL,3,,,http://www.ambrosianohotel.it,info@ambrosianohotel.it,65,,,1,0,
ANTICO BORGO I CANCELLI RESIDENCE,"Sallecchio I Cancelli, 19",50035,Palazzuolo Sul Senio,FI,NULL,3,,,http://www.icancelli.it,icancelli@icancelli.it,65,,,NULL,0,
COLUMBIA,"Corso Roma, 19",51016,Montecatini Terme,PT,NULL,4,Mariotti Hotels,05727O661,https://www.hotelcolumbia.it/,info@hotelcolumbia.it,65,,,1,0,
CORALLO,"Via Cavallotti, 116",51016,Montecatini Terme,PT,NULL,3,,057278288,http://www.golfhotelcorallo.it,info@golfhotelcorallo.it,65,,,1,0,
Hotel Posta,Via Ugo Foscolo 50,53042,Chianciano Terme,SI,NULL,3,,,http://www.htlposta.it/,*,65,,,NULL,75,
Minerva,Via Paolo Ingegnoli 31,53042,Chianciano Terme,SI,NULL,3,,,http://www.albergovillagaia.it/,info.villagaiahotel@gmail.com,65,,,NULL,94,
MINERVA,"Via P. Ingegnoli, 31",53042,Chianciano Terme,SI,NULL,3,,057864640,http://www.hermitagehotel.it/,info@hermitagehotel.it,65,,,1,0,
Parma e Oriente,Viale Cavallotti 135,51016,Montecatini Terme,PT,NULL,3,,0572 72135,http://www.hotelparmaeoriente.it/,info@hotelparmaeoriente.it,65,,,NULL,49,
Valdarno,Via Nello Traquandi 13-15,52025,Montevarchi,AR,NULL,4,,055 984198,http://www.hotelvaldarno.com/,info@hotelvaldarno.net,65,,,NULL,90,
AMBASCIATORI,"Viale Iv Novembre, 12",51016,Montecatini Terme,PT,NULL,4,,,http://www.ambasciatoripalace.it/,*,66,,,1,0,
BEST WESTERN HOTEL MAJESTIC,"Via Buozzi, 70",53042,Chianciano Terme,SI,NULL,4,,,http://www.fabahotels.it,majestic@fabahotels.it,66,,,1,0,
Calamidoro,Via del Tiglio 143,56030,Calcinaia,PI,NULL,4,,0587 297111,http://www.calamidoro.com/,calamidoro@calamidoro.com,66,,,NULL,69,
Italia,Via Cavour 67,53100,Siena,SI,NULL,3,,0577 41177,http://www.hotelitalia-siena.it/,--@leo,66,,,NULL,65,
LUNGARNO,"Borgo S. Jacopo, 14",50100,Firenze,FI,NULL,4,,,NULL,,66,,,NULL,0,
PARADISO AL MARE,"Via Machiavelli, 2",55042,Forte Dei Marmi,LU,NULL,3,,,http://www.sula.it,paradiso@sula.it,66,,,NULL,0,
Park Hotel Le Fonti,Via di Fontecorrenti 8,56048,Volterra,PI,NULL,4,,0588 81534,http://www.parkhotellefonti.com/,info@parkhotellefonti.com,66,,,NULL,78,
RECINA HOTEL,"Via Alcide de Gasperi, 32/F",62100,Macerata,MC,Giustozzi Luca,4,Gruppo Giustozzi Hotels,+39 0733 598639,https://www.gruppogiustozzihotels.it/it/,info@recinahotel.it,66,,,NULL,0,
Royal Palace,Viale Bicchierai 113,51016,Montecatini Terme,PT,NULL,4,,0572 70161,http://www.hotelroyalpalace.it/,info@gbhotel.it,66,,,NULL,55,
SANT'ANTONIO,"Viale Lombardia, 64",53042,Chianciano Terme,SI,NULL,2,,,NULL,,66,,,1,0,
Alexander Palme,Via Bruno Buozzi 76,53042,Chianciano Terme,SI,NULL,4,,0578 64010,http://alexanderpalme.it/hotel.html,info@alexanderpalme.it,67,,,NULL,70,
Atlantic Palace Hotel,Via Nazionale 12,50123,Firenze,FI,NULL,4,,055 213 031,http://www.atlanticpalace.it/,reservations@atlanticpalace.it,67,,,NULL,71.1,
CALAMIDORO,"Via Del Tiglio, 143",56030,Calcinaia,PI,NULL,4,SPACE HOTELS,,http://www.calamidoro.com,calamidodo@calamidoro.com,67,,,NULL,0,
Helvetia & Bristol,Via dei Pescioni 2,50123,Firenze,FI,NULL,5,,(415) 433-1430,https://www.starhotelscollezione.com/en/our-hotels/helvetia-and-bristol-florence/,*,67,,,NULL,181.5,
Le Cerbaie,Localit√† Cerbaia 44 int.1,55011,Altopascio,LU,NULL,3,,0583 264400,https://www.lecerbaie.it/,info@lecerbaie.it,67,,,NULL,150,
Meridiana,Viale Don Giovanni Minzoni 25,50129,Firenze,FI,NULL,3,,055 576 552,http://www.meridiana-hotel.it/,info@meridiana-hotel.it,67,,,NULL,55.2,
MILLENIUM,"Viale Bicchierai, 82",51016,Montecatini Terme,PT,NULL,3,,,http://www.hotelmiro.eu/,info@hotelmiro.eu,67,,,1,0,
Paris,Via dei Banchi 2,50123,Firenze,FI,NULL,3,,055 280 281,http://www.parishotel.it/,reservations@parishotel.it,67,,,NULL,66.6,
ROYAL VICTORIA,"Lungarno Pacinotti, 12",56126,Pisa,PI,NULL,3,,,http://www.royalvictoria.it/,*,67,,,NULL,0,
Santa Croce in Fossabanda,Piazza Santa Croce 11,56125,Pisa,PI,NULL,3,,,NULL,,67,,,NULL,70,
ALBA HOTEL,"Viale Della Liberta', 288",53042,Chianciano Terme,SI,NULL,4,,+39057864300,http://www.albahotel.net/hotel.it.php,info@albahotel.net,68,,,1,0,
ATLANTICO PALACE HOTEL,"Via V. Della Liberta', 494",53042,Chianciano Terme,SI,NULL,4,,,http://www.hotelatlanticochianciano.it/,info@webmonkeysoftware.it,68,,,1,0,
AUGUSTUS,"Viale Morin, 169",55042,Forte Dei Marmi,LU,NULL,5,,,http://www.augustus-hotel.it/,info@augustus-hotel.it,68,,,NULL,0,
CASA FACI,"Via Ernesto Lombardo, 16",54037,Massa - Marina Di Massa,MS,NULL,1,,,NULL,,68,,,NULL,0,
DA VINCI,Viale Palmiro Togliatti,5053,Scarperia,FI,NULL,4,,,https://www.hotelda-vinci.it/,info@hotelda-vinci.it,68,,,NULL,0,
De la Ville,Piazza Antinori 1,50123,Firenze,FI,NULL,4,,055 2381805,http://www.hoteldelaville.it/,info@hoteldelaville.it,68,,,NULL,134.1,
EURO HOTEL,"V.le Europa, 4 6",56021,Cascina,PI,NULL,4,,050710494,http://eurohotelpisa.it/,info@eurohotelpisa.it,68,,,NULL,0,
Eurostars Toscana,Viale Europa 1135,55100,Lucca,LU,NULL,4,,,http://www.eurostarshotels.it/eurostars-toscana.html,*,68,,,NULL,59,
GIGLIO,"Viale Bicchierai, 99",51016,Montecatini Terme,PT,NULL,3,,,http://www.hotelgiglio.info,info@hotelgiglio.info,68,,,1,0,
GRAND HOTEL CAPITOL,Viale Della Liberta,53042,Chianciano Terme,SI,DANIELA,4,,057864681,http://www.capitolchianciano.it/index.php/it/,info@capitolchianciano.it,68,,,1,0,
Hotel Dei Cavalieri Pisa Pontedera,"Area di servizio di Gello Est - Superstrada Firenze-Pisa-Livorno, direzione Firenze",56025,Pontedera,PI,NULL,4,,,http://www.hotelpisavaldera.com/,booking@hotelpisavaldera.com,68,,,NULL,79,
MACERINA,"Via Macerina, 27",53042,Chianciano Terme,SI,NULL,3,,,NULL,,68,,,1,0,
Palace Hotel,Via Gioia 2,55049,Viareggio,LU,NULL,4,,0584 46134,https://www.palaceviareggio.com/,info@palaceviareggio.com,68,,,NULL,84,
PARIS,"Via Dei Banchi, 2",50123,Firenze,FI,NULL,3,Utell,,http://www.parishotel.it,info@parishotel.it,68,,,NULL,0,
RAFFAELLO,"Via Dei Monti, 3",53042,Chianciano Terme,SI,NULL,4,CHARME E RELAX,0578657000,http://www.hotelraffaello.si.it,hotel.raffaello@libero.it,68,,,1,0,
AC HOTEL LUCCA,"Viale Europa, 1135",55100,Lucca,LU,NULL,4,,,http://achotels.marriott.com/en/,aclucca@ac-hotels.com,69,,,NULL,0,
Bettoja Hotel Relais Certosa,Via di Colle Ramole 2,50124,Firenze,FI,NULL,4,,055 2048483,NULL,,69,,,NULL,84,
Castri,Piazza Indipendenza 7,50129,Firenze,FI,NULL,3,,055 496 412,http://www.palazzocastri.com/,welcome@palazzocastri.com,69,,,NULL,60,
Da Vinci,Viale Palmiro Togliatti 53,50059,Vinci,FI,NULL,4,,,http://www.hotelda-vinci.it/,info@hotelda-vinci.it,69,,,NULL,59,
La Cappuccina,Localit√† la Cappuccina 46/A,53037,San Gimignano,SI,NULL,4,,0577 940381,http://www.lacappuccina.com/,a.ingoglia@uplink.it,69,,,NULL,140,
MASSIMO,"Via Calata Italia, 23",57037,Elba - Portoferraio,LI,NULL,3,,,https://www.elbahotelmassimo.it/,info@elbahotelmassimo.it,69,,,1,0,
Michelangelo,Viale Fedeli 9/11,51016,Montecatini Terme,PT,NULL,4,,0572 911 700,http://www.hotelmichelangelo.org/,info.estatefiesolana@gmail.com,69,,,NULL,90,
MICHELANGELO,"Viale Fedeli, 9",51016,Montecatini Terme,PT,,4,,0572 911700,http://www.hotelmichelangelo.org,info@hotelmichelangelo.org,69,,,1,0,
PARK HOTEL SIENA,"Via Di Marciano, 18",53100,Siena,SI,NULL,4,The Charming Hotel,,http://www.parkhotelsiena.it,info@parkhotelsiena.it,69,,,NULL,0,
Art Hotel Milano,Via Tiziano 15,59100,Prato,PO,NULL,4,,,http://www.arthotel-milano.it/,info@arthotel-milano.it,70,,,NULL,65,
ART HOTEL MILANO,"Via Tiziano, 15",59100,Prato,PO,NULL,3,,,https://www.ala.it/,hmilano@ala.it,70,,,NULL,0,
ASTOR,"Lungomare Giosue' Carducci, 54",55049,Viareggio,LU,NULL,4,Sina Hotels,058450301,https://www.sinahotels.com/en/h/sina-astor-viareggio/,sinahotels@sinahotels.it,70,,,NULL,0,
ATLANTICO,"Largo Belvedere, 26",56018,Tirrenia,PI,NULL,4,,,http://www.grandhotelcontinental.it/it/home,info@grandhotelcontinental.it,70,,,NULL,0,
BEST WESTERN HOTEL CAPPELLI - CROCE DI SAVOIA,"Viale Bicchierai, 139",51016,Montecatini Terme,PT,NULL,3,,,http://www.hotelcappelli.it,info@hotelcappelli.it,70,,,1,0,
Bologna,Via Mazzini 57,56125,Pisa,PI,NULL,4,,050 502120,http://www.hotelbologna.pisa.it/,info@hotelbologna.pisa.it,70,,,NULL,49,
BONCIANI,"Via Panzani, 17",50100,Firenze,FI,NULL,3,,,NULL,,70,,,NULL,0,
Boston,Viale Bicchierai 16,51016,Montecatini Terme,PT,NULL,4,,0572 70379,http://www.hotelboston.it/,info@hotelboston.it,70,,,NULL,49,
Casanova,S.S. 146 Localit√† Casanova,53027,San Quirico d'Orcia,SI,NULL,3,,,http://www.residencecasanova.it/,info@residencecasanova.it,70,,,NULL,152,
CASTRI,"P.zza Indipendenza, 7",50129,Firenze,FI,,3,,055496412,http://www.besthotels.com/featured/hotelcastri.php,info@hotelcastri.com,70,,,NULL,0,
Excelsior,Via Cesare Battisti 1,54037,Massa,MS,NULL,4,,0585 8601,https://www.hotelexcelsior.it/,info@hotelexcelsior.it,70,,,NULL,135,
EXCELSIOR,"Via Cesare Battisti, 1",54037,Marina Di Massa,MS,NULL,4,,05858601,https://www.hotelexcelsior.it/,info@hotelexcelsior.it,70,,,NULL,0,
Giglio,Viale Bicchierai 99,51016,Montecatini Terme,PT,NULL,3,,0572 70356,http://www.hotelgiglio.info/,info@hotelgiglio.info,70,,,NULL,54,
GROTTA GIUSTI,"Via Grotta Giusti, 1411",51016,Monsummano Terme,PT,NULL,4,,,http://www.grottagiustispa.com/,info@grottagiusti.com,70,,,1,0,
LA PACE,"Via Gramsci - Gall. B, 14",56125,Pisa,PI,NULL,3,,,http://www.hotellapace.it,info@hotellapace.it,70,,,NULL,0,
MODERNO,"Viale Baccelli, 10",53042,Chianciano Terme,SI,NULL,4,,,NULL,htlmoderno@tiscalinet.it,70,,,1,0,
San Lorenzo e Santa Caterina,Via San Lorenzo 15/24,51017,Pescia,PT,NULL,3,,0572 408 340,http://www.rphotels.com/,*,70,,,NULL,80,
TETTUCCIO,"Viale Verdi, 74",51016,Montecatini Terme,PT,NULL,4,,,http://www.hoteltettuccio.it/,info@hoteltettuccio.it,70,,,1,0,
UNA Poggio dei Medici - Golf Resort,Via San Gavino 27,50038,Scarperia,FI,NULL,4,,,http://www.unapoggiodeimedici.com/,*,70,,,NULL,146,
UNA POGGIO DEI MEDICI - Golf Resort,"Via San Gavino, 27",50038,Scarperia,FI,Mariella Oliverio,4,UNA Hotels & Resorts,055 84350,http://www.unapoggiodeimedici.com/,*,70,,,NULL,0,
Villa Cappugi,Via di Collegigliato 45,51100,Pistoia,PT,NULL,4,,,http://www.hotelvillacappugi.com/,info@hotelvillacappugi.com,70,,,NULL,69,
BEST WESTERN PARK HOTEL CALIFORNIA,Via Aurelia Km 338 Loc. Madonna Dell' Acqua,56017,San Giuliano Terme,PI,NULL,4,,,http://www.parkhotelcalifornia.it/,*,71,,,1,0,
BORGO LA BAGNAIA,S. S. 223 Siena-grosseto Km 12,53010,San Rocco A Pilli,SI,NULL,5,,,NULL,,71,,,NULL,0,
CENTRO BENESSERE SPA DEUS,"Via Delle Piane, 35",53042,Chianciano Terme,SI,NULL,4,,,http://www.spadeus.it,info@spadeus.it,71,,,1,0,
La Primula,Viale Cerboni 1,57033,Marciana Marina,LI,NULL,3,,0565 99010,http://www.hotellaprimula.it/,info@hotellaprimula.it,71,,,NULL,48,
LA PRIMULA,"Viale Cerboni, 1",57030,Elba - Marciana Marina,LI,NULL,3,,,http://www.hotellaprimula.it/,info@hotellaprimula.it,71,,,NULL,0,
Leonardo da Vinci,Via Guido Monaco 12,50144,Firenze,FI,NULL,3,,055 357751,http://www.hotelleonardofirenze.it/,info@hotelleonardofirenze.it,71,,,NULL,62.1,
SANTA BARBARA,"Via Marlianese, 4",51016,Montecatini Terme,PT,NULL,3,,,http://www.rphotels.com/,*,71,,,1,0,
Adua & Regina di Saba,Viale Manzoni 46,51016,Montecatini Terme,PT,NULL,4,,0572 78134,http://www.hoteladua.it/,info@hoteladua.it,72,,,NULL,59,
ADUA & REGINA DI SABA WELLNESS AND BEAUTY,"Viale Manzoni, 46",51016,Montecatini Terme,PT,NULL,4,,057278134,http://www.hoteladua.it,info@hoteladua.it,72,,,1,0,
Charme Hotel,Via delle Badie 228,59100,Prato,PO,NULL,4,,,http://www.charmehotel.it/,info@charmehotel.it,72,,,NULL,80,
EUR,Viale Colombo 175,55043,Camaiore,LU,NULL,3,,0584 618 251,http://www.hoteleur.it/,info@hoteleur.it,72,,,NULL,120,
Fenice Palace,Via De' Martelli 10,50129,Firenze,FI,NULL,4,,055 289 942,http://www.hotelspadai.it/,info@hotelspadai.it,72,,,NULL,100,
"FENICE PALACE AL DUOMO """"","Via De Martelli, 10",50129,Firenze,FI,NULL,4,,055289942,http://www.hotelfenicepalace.it,info@hotelfenicepalace.it,72,,,NULL,0,
Grand Hotel Terme,Piazza Italia 8,53042,Chianciano Terme,SI,NULL,4,,0578 63255,http://www.grand-hotel-terme-chianciano.com/,ig-badge-view-sprite-24@2x.png,72,,,NULL,150,
Granduca,Via Senese 170,58100,Grosseto,GR,NULL,4,,,http://www.hotelgranduca.com/,MG_0817-780x540@2x.jpg,72,,,NULL,95,
GRANDUCA,"Via Senese, 170",58100,Grosseto,GR,NULL,3,,,http://www.hotelgranduca.com,info@hotelgranduca.com,72,,,1,0,
I CILIEGI,"Piazza Amendola, 4",50066,Reggello,FI,NULL,4,,,NULL,,72,,,NULL,0,
Isola Verde,Via San Giovanni 26,57033,Marciana Marina,LI,NULL,3,,,http://www.hotelisolaverde.it/,*,72,,,NULL,81,
PITTI PALACE,"Via Barbadori, 2",50100,Firenze,FI,NULL,3,,,NULL,,72,,,NULL,0,
SELECT,"Via Mascagni, 76",57034,Campo Nell'Elba,LI,NULL,4,,,https://www.elbaselect.it/,info@elbaselect.it,72,,,NULL,0,
VILLASANPAOLO,Strada Prov. Le Per Certaldo,53037,San Gimignano,SI,NULL,4,,0577955100,http://www.villasanpaolo.com,info@villasanpaolo.com,72,,,NULL,0,
Argentario Golf Resort & SPA,Via Acquedotto Leopoldino - Localit√† Le Piane,58018,Monte Argentario,GR,NULL,5,,,http://www.argentariogolfresortspa.it/,info@argentarioresort.it,73,,,NULL,240,
BELVEDERE,"Via S. G. Gualberto, 28",50060,Reggello - Saltino,FI,NULL,3,,,NULL,,73,,,NULL,0,
Borgo San Luigi,Strada della Cerreta 7,53035,Monteriggioni,SI,NULL,4,,0577 301055,http://www.borgosanluigi.it/,"assistenza@blastness.com,info@borgosanluigi.it",73,,,NULL,70,
Continentale,Via P. Guido Monaco 7,52100,Arezzo,AR,NULL,3,,0575 20251,http://www.hotelcontinentale.com/,*,73,,,NULL,98,
DE LA VILLE,"Piazza Antinori, 1",50100,Firenze,FI,NULL,4,SPACE HOTELS,,http://www.hoteldelaville.it/,info@hoteldelaville.it,73,,,NULL,0,
Executive,Via Nazzareno Orlandi 32,53100,Siena,SI,NULL,4,,,http://www.executivehotelsiena.com/,info@executivehotelsiena.com,73,,,NULL,100,
Grand Hotel Bellavista Palace,Viale Fedeli 2,51016,Montecatini Terme,PT,NULL,5,,0572 78122,http://www.bellavistamontecatini.it/,info@bellavistamontecatini.it,73,,,NULL,120,
Nord Florence,Via Baracca 199/A,50127,Firenze,FI,NULL,4,,055 431151,http://www.chcflorence.it/,reservations@chcflorence.it,73,,,NULL,52,
NORD FLORENCE,"Via F. Baracca, 199 A",50127,Firenze,FI,,4,,,http://www.chcflorence.it/,info@nordflorence.it,73,,,NULL,0,
Park Hotel California,Via Aurelia 2,56017,San Giuliano Terme,PI,NULL,4,,,http://www.parkhotelcalifornia.it/,*,73,,,NULL,70,
Toscana Verde,Via Penna 2,52020,Laterina,AR,NULL,4,,,http://www.toscanaverde.com/,info@toscanaverde.com,73,,,NULL,68,
Bernini Palace by Baglioni Hotels Group,Piazza S. Firenze 29,50122,Firenze,FI,NULL,4,,055 288 621,http://hotelbernini.duetorrihotels.com/,info.hotelbernini@duetorrihotels.com,74,,,NULL,175,
Borgo Palace Hotel,Via Senese Aretina 80,52037,Sansepolcro,AR,NULL,4,,,http://www.borgopalace.it/,palace@borgopalace.it,74,,,NULL,100,
GALLERY HOTEL ART,"Vicolo Dell'Oro, 5",50123,Firenze,FI,NULL,4,,,https://www.lungarnocollection.com/gallery-hotel-art,reservations@lungarnocollection.com,74,,,NULL,0,
Grand Hotel Tettuccio,Viale Verdi 74,51016,Montecatini Terme,PT,NULL,4,,0572 78051,http://www.hoteltettuccio.it/,info@hoteltettuccio.it,74,,,NULL,59,
GRANDE ALBERGO LE FONTI,"Via V. Della Liberta', 523",53042,Chianciano Terme,SI,NULL,4,,,http://www.lefontigrandhotel.com/,info@lefontigrandhotel.com,74,,,1,0,
PARK HOTEL I LECCI,"Via Della Principessa, 116",57027,San Vincenzo,LI,NULL,4,,,http://www.parkhotelilecci.it/,bookinglecci@bluhotels.it,74,,,NULL,0,
BEST WESTERN HOTEL PALAZZO DEI PRIORI,"Via Di Montalbuccio, 31",53100,Siena,SI,NULL,4,,,http://hotel.palazzodeipriori.it,info@palazzodeipriori.it,75,,,NULL,0,
Castello Monastero,Monastero d'Ombrone 19,53019,Castelnuovo Berardenga,SI,NULL,4,,,http://www.castelmonastero.com/,privacyfvr@castelmonastero.com.,75,,,NULL,371,
EUR,"Viale Colombo, 175",55043,Lido Di Camaiore,LU,"Leonello,Verena,Ettore,Valentina.",3,,0584618251,http://www.hoteleur.it,info@hoteleur.it,75,,,NULL,0,
GRAND HOTEL EXCELSIOR,"Via Sant'Agnese, 6",53042,Chianciano Terme,SI,NULL,4,,,http://www.grandhotelexcelsior.it,direzione@grandhotelexcelsior.it,75,,,1,0,
MARINA 2,57034 - Campo Nell'Elba (LI),,Livorno,LI,NULL,3,,,http://www.hotelmarina2.it/,marina2@infoelba.it,75,,,NULL,0,
Berchielli,Lungarno Acciaiuoli 14,50123,Firenze,FI,NULL,4,,055 264 061,http://www.berchielli.it/,"assistenza@blastness.com,info@berchielli.it,s.i.s.trinitaspa@legalmail.it",76,,,NULL,119.99,
BERCHIELLI,"Lungarno Degli Acciaiuoli, 14",50123,Firenze,FI,NULL,4,,055264061,http://www.berchielli.it,info@berchielli.it,76,,,NULL,0,
BORGO,"Via Senese Aretina, 80",52037,Sansepolcro,AR,NULL,4,,,NULL,r.borgopalace@tin.it,76,,,NULL,0,
CONTINENTALE,"Piazza Guido Monaco, 7",52100,Arezzo,AR,,3,,057520251,http://www.hotelcontinentale.com,prenotazioni@hotelcontinentale.com,76,,,0,0,
Desir√©e,Spiaggia di Spartaia,57030,Marciana,LI,NULL,4,,0565 907 311,http://www.desireehotel.it/,info@desireehotel.it,76,,,NULL,194,
Fabricia,Localit√† Magazzini - Isola d'Elba,57037,Portoferraio,LI,NULL,4,,0565 933 181,https://www.hotelfabricia.com/,info@hotelfabricia.com,76,,,NULL,120,
Giappone Inn Parking Hotel,Via Grande 65,57123,Livorno,LI,NULL,3,,,http://www.hotellivorno.it/,hotelgiappone@hotellivorno.com,76,,,NULL,112,
LE ACACIE,Naregno,57031,Elba - Capoliveri - Naregno,LI,NULL,3,,,http://www.acacie.it,acacie@acacie.it,76,,,NULL,0,
Minerva Palace,Via Cavour 14,51016,Montecatini Terme,PT,NULL,4,,0572 904 406,http://www.hotelminervapalace.it/,info@hotelminervapalace.it,76,,,NULL,85,
MINERVA PALACE,"Via Cavour, 14",51016,Montecatini Terme,PT,NULL,4,,,NULL,minervapalace@tin.it,76,,,1,0,
Astor - A Sina Hotel,Lungomare Carducci 54,55049,Viareggio,LU,NULL,4,,,https://www.sinahotels.com/en/h/sina-astor-viareggio/?utm_source=google&utm_medium=local&utm_campaig,sina.booking@sinahotels.com,77,,,NULL,99,
Grand Hotel Golf,Via dell'Edera 29,56018,Pisa,PI,NULL,4,,050 957 018,http://www.golf.hotel.pisa.it/,reception@grandhotelgolf.it,77,,,NULL,64,
GRAND HOTEL GOLF,"Via Dell'Edera, 29",56018,Tirrenia,PI,NULL,4,,,http://www.grandhotelgolf.it,info@grandhotelgolf.it,77,,,NULL,0,
Kraft,Via Solferino 2,50123,Firenze,FI,NULL,4,,055 284 273,http://www.krafthotel.it/,"assistenza@blastness.com,info@krafthotel.it",77,,,NULL,89.1,
KRAFT,"Via Solferino, 2",50100,Firenze,FI,NULL,4,,,NULL,,77,,,NULL,0,
LE SORGENTI,"Via Baccelli, 42",53042,Chianciano Terme,SI,NULL,3,,,NULL,albergolesorgenti@tiscalinet.it,77,,,1,0,
MARRANI,"Via Faentina, 128",50030,Borgo San Lorenzo - Ronta,FI,NULL,3,,,NULL,,77,,,NULL,0,
BARBERINO,"Via Don Minzoni, 55",50031,Barberino Di Mugello,FI,NULL,3,,,http://www.hotelbarberino.it,info@hotelbarberino.it,78,,,NULL,0,
BEST WESTERN HOTEL PRESIDENT,"Via Simintendi, 20",59100,Prato,PO,NULL,4,,,NULL,,78,,,NULL,0,
DESIREE',Lido Di Spartaia,57030,Procchio,LI,NULL,4,,,http://www.desireehotel.it/,info@htdesiree.it,78,,,NULL,0,
DOMUS LAETITIAE,Frazione Frontignano,62039,Ussita,MC,NULL,2,,,http://www.domuslaetitiae.it,info@domuslaetitiae.it,78,,,NULL,0,
DU PARK ET REGINA,"Viale Diaz, 8",51016,Montecatini Terme,PT,NULL,4,,,http://www.regina-hotel.it,info@regina-hotel.it,78,,,1,0,
GRAND HOTEL PORTA ROSSA,"Via Porta Rossa, 19",50123,Firenze,FI,NULL,3,,055287551,http://www.hotelportarossa.it,info@hotelportarossa.it,78,,,NULL,0,
IRMA,"Via Della Liberta', 302",53042,Chianciano Terme,SI,NULL,3,,,NULL,,78,,,1,0,
Le Acacie,Spiaggia di Naregno,57031,Capoliveri,LI,NULL,4,,,http://www.acacie.it/,info@acacie.it,78,,,NULL,126,
President,Via Simintendi 20,59100,Prato,PO,NULL,4,,0574 30251,http://www.hotelpresidentprato.com/,bandiera_it-150x150@2x.jpg,78,,,NULL,67,
PRESIDENT,"Via Baccelli, 260",53042,Chianciano Terme,SI,NULL,3,,,NULL,,78,,,1,0,
Villasanpaolo Hotel,Strada Provinciale per Certaldo,53037,San Gimignano,SI,NULL,4,,0577 955 100,http://www.villasanpaolo.com/,info@villasanpaolo.com,78,,,NULL,167,
AC Arezzo,Via Einstein 4 - Localit√† Pratacci,52100,Arezzo,AR,NULL,4,,,http://www.marriott.com/hotels/travel/qzoar-ac-hotel-arezzo/,*,79,,,NULL,75,
AC HOTEL,"Via Einstein, 4",52100,Arezzo,AR,NULL,4,,,http://achotels.marriott.com/en/,arezzo@ac-hotels.com,79,,,NULL,0,
Grand Hotel & Riviera,Lungomare Pistelli 59,55043,Camaiore,LU,NULL,4,,(415) 284-4000,http://www.grandhotelriviera.it/,*,79,,,NULL,190,
STELLA MARINA,"Viale Della Vittoria, 159",57023,Cecina - Cecina Mare,LI,NULL,3,,,http://www.hotel-stella-marina.it,info@hotel-stella-marina.it,79,,,NULL,0,
Versilia Holidays,Via Giambattista Vico,55042,Forte dei Marmi,LU,NULL,4,,0584 787100,http://versiliaholidays.it/,info@versiliaholidays.it,79,,,NULL,69,
VERSILIA HOLIDAYS,"Via Giovan Battista Vico, 142",55042,Forte Dei Marmi,LU,NULL,4,,,http://www.unahotelfortedeimarmi.it/,info@hotelcoluccini.it,79,,,NULL,0,
Alcide,Via Marconi 67/A,53036,Poggibonsi,SI,NULL,3,,0577 936196,http://www.hotelalcide.com/it/,info@hotelalcide.com,80,,,NULL,70,
Argentario Osa Residence,Strada Statale Aurelia km 156 - Localit√† Osa,58010,Orbetello,GR,NULL,3,,,http://www.argentariosavillage.com/,info@argentariosavillage.com,80,,,NULL,100,
B&H Hotels Diplomat,Via Luigi Alamanni 9,50123,Firenze,FI,NULL,4,,,http://www.hoteldiplomat.net/,*,80,,,NULL,19,
Corona d'Italia,Via Nazionale 14,50123,Firenze,FI,NULL,3,,055 261 501,http://www.hotelcoronaditalia.com/,info@hotelcoronaditalia.com,80,,,NULL,64,
CORONA D'ITALIA,"Via Nazionale, 14",50100,Firenze,FI,NULL,3,,,NULL,corona@italyhotel.com,80,,,NULL,0,
Datini,Viale Marconi 80,59100,Prato,PO,NULL,4,,,http://www.hoteldatini.com/,info@hoteldatini.com,80,,,NULL,72,
DATINI,"Viale Guglielmo Marconi, 80",59100,Prato,PO,NULL,4,,,http://www.hoteldatini.com,info@hoteldatini.com,80,,,NULL,0,
Etrusco Palace,Via Fleming 39,52100,Arezzo,AR,NULL,4,,0575 984 066,http://www.etruscohotel.it/,etrusco@etruscohotel.it,80,,,NULL,70,
ETRUSCO PALACE,"Via Fleming, 39",52100,Arezzo,AR,NULL,4,ITALY HOTEL CLUB,0575984066,http://www.etruscohotel.it,commerciale@etruscohotel.it,80,,,NULL,0,
GRANDUCA,"Piazza Micheli, 16",57123,Livorno,LI,NULL,3,,,http://www.granduca.it,info@granduca.it,80,,,NULL,0,
GRIFONE,"Via Gaetano Pilati, 20",80136,Firenze,FI,NULL,3,,,http://www.hotelgrifonefirenze.it/,info@hotelgrifonefirenze.com,80,,,NULL,0,
HOTEL MARINETTA,"Via Dei Cavalleggeri Nord, 3",57020,Marina Di Bibbona,LI,NULL,4,,0586600598,http://www.hotelmarinetta.it,info@hotelmarinetta.it,80,,,NULL,0,
IMPERIAL GARDEN,"Viale Puccini, 20",51016,Montecatini Terme,PT,NULL,4,,0572910862,http://www.imperialgarden.it,hotel@imperialgarden.it,80,,,1,0,
MIRAMARE,"Viale Matteotti, 1",62012,Civitanova Marche,MC,NULL,4,,,NULL,,80,,,NULL,0,
Montaperti,Localit√† Casanova Pansarine - (Casetta),53041,Siena,SI,NULL,4,,,http://www.montapertihotel.com/,"assistenza@blastness.com,info@montapertihotel.com",80,,,NULL,63.75,
Rivoli,Via della Scala 33,50123,Firenze,FI,NULL,4,,055 27861,http://www.hotelrivoli.it/it/,info@hotelrivoli.it,80,,,NULL,83.3,
STARHOTEL VESPUCCI,"Via San Quirico, 292 a",50013,Capalle,FI,NULL,4,,,http://www.starhotels.com/en/our-hotels/vespucci-florence/?utm_source=google&utm_medium=local&utm_ca,*,80,,,NULL,0,
Starhotels Vespucci,Via San Quirico 292/A,50010,Campi Bisenzio,FI,NULL,4,,,http://www.starhotels.com/en/our-hotels/vespucci-florence/?utm_source=google&utm_medium=local&utm_ca,*,80,,,NULL,67.5,
TERME PELLEGRINI,"Piazza Del Popolo, 34",51016,Montecatini Terme,PT,NULL,3,,,http://www.hotelpellegrini.it,info@hotelpellegrini.it,80,,,1,0,
Villa Ottone,Localit√† Ottone 4,57037,Portoferraio,LI,NULL,5,,0565 933 042,http://www.villaottone.com/,hotel@villaottone.com,80,,,NULL,250,
ALCIDE,"V.le Marconi, 67 A",53036,Poggibonsi,SI,NULL,3,,0577937501,http://www.hotelalcide.com/it/,alcide@hotelalcide.it,81,,,NULL,0,
ERCOLINI & SAVI,"Via S. Martino, 18",58100,Montecatini Terme,GR,NULL,4,,,http://www.ercoliniesavi.it/,info@ercoliniesavi.it,81,,,1,0,
Hotel Ercolini e Savi,Via San Martino 18,51016,Montecatini Terme,PT,NULL,4,,,http://www.ercoliniesavi.it/,info@ercoliniesavi.it,81,,,NULL,55,
SOLE,"Via Delle Rose, 40",53042,Chianciano Terme,SI,NULL,3,,,http://www.hotelsolechiancianoterme.it,hsole@libero.it,81,,,1,0,
VILLA GABRIELE D'ANNUNZIO,"Via G. D'Annunzio, 141 a a",50135,Firenze,FI,NULL,4,,,http://dannunziohotel.it/,info@hoteldannunzio.com,81,,,NULL,0,
Best Western Hotel Villa Gabriele D'Annunzio,Via Gabriele D'Annunzio 141 A/B,50135,Firenze,FI,NULL,4,,055 602960,http://www.dannunziohotel.it/,info@dannunziohotel.it,82,,,NULL,59,
GOLF HOTEL,"Via Della Pineta, 32",54027,Pontremoli,MS,,3,,,http://www.golfhotel.it/,golfhotel@golfhotel.it,82,,,0,0,
Cerretani Firenze,Via de' Cerretani 10,50123,Firenze,FI,NULL,4,,055 238 1301,http://www.accorhotels.com/lien_externe.svlt?goto=fiche_hotel&code_hotel=1539&merchantid=seo-maps-IT,H1539@ACCOR.COM,83,,,NULL,120,
COUNTRY CLUB,"Via Pesciatina - Fontanenuove Gragnano, 874",55010,Capannori,LU,NULL,3,,,http://www.sphotels.com,countryhotel@sphotels.com,83,,,NULL,0,
EXCELSIOR,"Viale Giosue' Carducci, 88",55049,Viareggio,LU,NULL,4,,058450726,http://www.sanfranciscoviareggio.it/,*,83,,,NULL,0,
Hotel Residence Grifone,Via Gaetano Pilati 20-22,50136,Firenze,FI,NULL,3,,055 623300,http://www.hotelgrifonefirenze.it/,info@hotelgrifonefirenze.it,83,,,NULL,59,
GALLIA PALACE HOTEL,Via Delle Sughere,58040,Punta Ala,GR,NULL,4,RELAIS & CHATEAUX,0564922022,http://www.galliapalace.it,info@galliapalace.it,84,,,NULL,0,
Grand Hotel San Marco,Via Lischi 1,56034,Casciana Terme,PI,NULL,5,,0587 646219,NULL,,84,,,NULL,99,
Grand Hotel Vittoria,Viale della Libert√† 2/A,51016,Montecatini Terme,PT,NULL,4,,,http://www.ghvittoria.com/,lodash@4.17.4,84,,,NULL,130,
SAN MARCO,"Via Lischi, 1",56034,Casciana Terne,PI,NULL,4,,,http://www.booked.net/hotels/italy/venice/district-san-marco,info@sanmarcohotels.it,84,,,1,0,
SOFITEL FIRENZE,"Via De' Cerretani, 10",50100,Firenze,FI,NULL,4,,0552381301,NULL,sofitfi@tin.it,84,,,NULL,0,
Una Hotel Vittoria,Via Pisana 59 (GPS: Piazza Pier Vettori),50143,Firenze,FI,NULL,4,,,http://www.unahotelvittoria.com/,assistenza@blastness.com,84,,,NULL,102,
UNA VITTORIA HOTEL,"Via Pisana, 59",50143,Firenze,FI,NULL,4,,,http://www.unahotelvittoria.com/,assistenza@blastness.com,84,,,NULL,0,
VITTORIA,Viale Della Liberta' N. 2 a,51016,Montecatini Terme,PT,NULL,4,,,http://www.hotelvittoria.it,vittoria@hotelvittoria.it,84,,,1,0,
HOTEL TERME DE' MEDICI,"Via Terme, 1",53040,San Casciano Dei Bagni,SI,NULL,4,,,http://www.fonteverdeterme.com,info@fonteverdeterme.com,85,,,1,0,
LAGO VERDE,"Via Castellani, 4",51030,Serravalle Pistoiese,PT,NULL,3,RPHOTELS & RESTAURANTS,0573518262,http://www.rphotels.com/,*,85,,,NULL,0,
Palace,Via Pier della Francesca 71,59100,Prato,PO,NULL,4,,0574 5671,http://www.palaceprato.it/,*,85,,,NULL,70,
PALACE,"Via Pier Della Francesca, 71",59100,Prato,PO,NULL,4,,,NULL,palaceprato@libero.it,85,,,NULL,0,
VILLA OTTONE,"Localit√É¬† Ottone, 4",57037,Ottone,LI,NULL,4,,0565933042,http://www.villaottone.com,nicola@villaottone.com,85,,,1,0,
BERNINI PALACE,"Piazza S. Firenze, 29",50100,Firenze,FI,NULL,4,,,http://hotelbernini.duetorrihotels.com/,bookinghotelbernini@duetorrihotels.com,86,,,NULL,0,
BIODOLA,"Via Biodola, 21",57037,Elba - Portoferraio,LI,NULL,4,,,http://www.biodola.it,info@biodola.it,86,,,1,0,
GREEN PARK RESORT,Via Dei Tulipani,56100,Tirrenia,PI,NULL,4,SPACE HOTELS,,http://www.greenparkresort.com,info@greenparkresort.com,86,,,NULL,0,
CORTE DEI BUTTERI,"Strada Statale Aurelia, 231",58010,Fonteblanda,GR,NULL,4,,,NULL,corte_dei_butteri@yahoo.it,87,,,1,0,
Delle Nazioni,Via L. Alamanni 15,50123,Firenze,FI,NULL,3,,055 283575,http://www.hoteldellenazioniflorence.com/,*,87,,,NULL,69,
DELLE NAZIONI,"Via L. Alamanni, 15",50100,Firenze,FI,NULL,2,,,NULL,,87,,,NULL,0,
Petriolo Spa & Resort,Localit√† Petriolo Strada Statale 223,58040,Civitella Paganico,GR,NULL,5,,,http://www.atahotels.it/petriolo,commerciale@petriolosparesort.com,87,,,NULL,190,
Pitti Palace al Ponte Vecchio,Borgo San Jacopo 3/R,50125,Firenze,FI,NULL,3,,055 2398711,https://www.florencehotelpittipalacealpontevecchio.com/it,"icon@2x.png,icon-72@2x.png,reservations@florencehotelpittipalacealpontevecchio.com",87,,,NULL,66.33,
ALEXANDER,"Viale Guidoni, 101",50100,Firenze,FI,NULL,4,,,http://www.vivahotels.com,vivameeting@vivahotels.com,88,,,NULL,0,
ASTORIA,"Via Del Giglio, 9",50100,Firenze,FI,NULL,4,,0552398095,http://www.b4astoriafirenze.com/,fo.manager@astoria.boscolo.com,88,,,NULL,0,
B&B Hotel Firenze Aeroporto,Viale Alessandro Guidoni 101,50127,Firenze,FI,NULL,4,,(415) 775-1755,http://www.hotel-bb.com/it/hotel/firenze-novoli.htm?utm_source=googlemaps&utm_medium=fichehotel&utm_,fi.novoli@hotelbb.com,88,,,NULL,55,
Boscolo Astoria,Via del Giglio 9,50123,Firenze,FI,NULL,4,,055 239 8095,https://www.b4astoriafirenze.com/,fo.manager@astoria.boscolo.com,88,,,NULL,104,
Columbus,Lungarno Cristoforo Colombo 22/A,50136,Firenze,FI,NULL,4,,,http://www.hotelcolumbus.it/,info@hotelcolumbus.it,88,,,NULL,60,
COLUMBUS,"Lungarno Cristoforo Colombo, 22A",50136,Firenze,FI,NULL,3,,,http://www.hotelcolumbus.it,info@hotelcolumbus.it,88,,,NULL,0,
FORTUNA,"Via Della Valle, 76",53042,Chianciano Terme,SI,NULL,4,,,https://www.fortunaresort.it/,info@fortunaresort.it,88,,,1,0,
GRAND HOTEL VALLOMBROSA,"Via Giosue' Carducci, 2",50060,Saltino Vallombrosa,FI,NULL,3,,055862012,http://www.vallombrosalberghi.it,info@vallombrosalberghi.it,88,,,NULL,0,
Grande Albergo Fortuna,Via della Valle 76,53042,Chianciano Terme,SI,NULL,4,,,NULL,,88,,,NULL,115,
PARCO DELLE ROSE,Via Privata Delle Rose,51013,Chiesina Uzzanese,PT,NULL,3,,,http://www.motelparcodellerose.com,info@motelparcodellerose.com,88,,,NULL,0,
SAVOIA UNUCI,"Via Della Liberta', 510",53042,Chianciano Terme,SI,NULL,3,,,http://www.hotelsavoia-unuci.it,info@hotelsavoia-unuci.it,88,,,1,0,
Albani Firenze,Via Fiume 12,50123,Firenze,FI,NULL,4,,055 26030,https://www.hotelalbanifirenze.com/,reservation.flo@albanihotels.com,89,,,NULL,112,
CAVOUR,"Via Del Proconsolo, 3",50100,Firenze,FI,NULL,3,,,NULL,,89,,,NULL,0,
GRAND HOTEL BONANNO,"Via C. Francesco Gabba, 17",56122,Pisa,PI,NULL,4,,050524030,http://www.anghelhotels.it/grandhotelbonanno,info@grandhotelbonanno.it,89,,,NULL,0,
TOSCANA AMBASSADOR,"Via Salceto, 11",53036,Poggibonsi,SI,NULL,4,,0577982922,http://www.toscana-ambassador.it,info@toscana-ambassador.it,89,,,NULL,0,
Adler Thermae Spa & Wellness Resort,Strada di Bagno Vignoni 1,53027,San Quirico d'Orcia,SI,NULL,5,,,http://www.adler-thermae.com/,info@adler-thermae.com,90,,,NULL,392,
BIONDI,"Viale Iv Novembre, 83",51016,Montecatini Terme,PT,NULL,4,,,http://www.montecatinihotelbiondi.it,info@montecatinihotelbiondi.it,90,,,1,0,
CORTE DEI BUTTERI,"Via Aurelia Km, 156",58010,Orbetello - Fonteblanda,GR,NULL,4,,,NULL,,90,,,NULL,0,
Grand Hotel Bonanno,Via Carlo Francesco Gabba 17,56122,Pisa,PI,NULL,4,,,http://www.grandhotelbonanno.it.wothotels.co/,username@example.com,90,,,NULL,69,
Machiavelli Palace,Via Nazionale 10,50123,Firenze,FI,NULL,3,,055 213 031,http://www.hotelmachiavelli.it/,info@hotelmachiavelli.it,90,,,NULL,53.1,
MACHIAVELLI PALACE,"Via Nazionale, 10",50123,Firenze,FI,NULL,3,,,http://www.hotelmachiavelli.it,info@hotelmachiavelli.it,90,,,NULL,0,
San Ranieri,Via Mazzei angolo Via San Biagio,56124,Pisa,PI,NULL,4,,,http://www.sanranierihotel.com/,info@sanranierihotel.com,90,,,NULL,79,
Toscana Ambassador,Via Salceto 11,53036,Poggibonsi,SI,NULL,4,,0577 982922,http://www.toscana-ambassador.com/,gruppi@toscana-ambassador.it,90,,,NULL,70,
Tuscany Inn,Via Cividale 86/E,51016,Montecatini Terme,PT,NULL,4,,,http://tuscany-inn.business.site/,*,90,,,NULL,90,
B&B Hotel Firenze Centro,Viale Giovanni Amendola 34,50121,Firenze,FI,NULL,3,,(415) 775-1755,http://www.hotel-bb.com/it/hotel/firenze-city-center.htm?utm_source=googlemaps&utm_medium=fichehotel,fi.center@hotelbb.com,91,,,NULL,69,
Art Hotel Mir√≤,Via degli Olmi 7,50041,Calenzano,FI,NULL,4,,,http://www.mirohotel.it/,*,92,,,NULL,55,
BEST WESTERN HOTEL CAPITOL,"Viale Amendola, 34",50100,Firenze,FI,NULL,3,,,http://www.hotel-bb.com/it/hotel/firenze-city-center.htm?utm_source=googlemaps&utm_medium=fichehotel,fi.center@hotelbb.com,92,,,NULL,0,
CROCE DI SAVOIA,"Via S. G. Giovanni Gualberto, 26",50060,Saltino Vallombrosa,FI,NULL,3,,055862035,http://www.vallombrosalberghi.it,info@vallombrosalberghi.it,92,,,NULL,0,
GRAND HOTEL BOSTON,"Piazza Italia, 5",53042,Chianciano Terme,SI,NULL,4,,,http://www.grandhotelboston.it,direzione@grandhotelboston.it,92,,,1,0,
Holiday Inn Florence,Viale Europa 205,50126,Firenze,FI,NULL,4,,055 6571,http://www.hiflorence.it/,booking@italiana-hotels.com,92,,,NULL,0,
HOLIDAY INN FLORENCE,"Viale Europa, 205",50126,Firenze,FI,NULL,4,Intercontinental Hotels Group,0556571,http://www.ihg.com/holidayinn/hotels/it/it/reservation,flnit@ichotelsgroup.com,92,,,NULL,0,
PARK HOTEL,"Via Umbro Casentinese, 88",52043,Castiglion Fiorentino,AR,NULL,3,,,http://www.parkhotelarezzo.com,parkhotel@parkhotelarezzo.com,92,,,NULL,0,
Grand Hotel Duomo,Via Santa Maria 94,56126,Pisa,PI,NULL,4,,050 561 894,http://www.grandhotelduomo.it/,info@grandhotelduomo.it,93,,,NULL,85,
GRAND HOTEL DUOMO,"Via S. Maria, 94",56030,Pisa,PI,NULL,4,SPACE HOTELS,,http://www.grandhotelduomo.it,reception@grandhotelduomo.it,93,,,NULL,0,
BELVEDERE,"Viale Fedeli, 10",51016,Montecatini Terme,PT,NULL,3,,,http://www.bk1.it,belve@bk1.it,94,,,1,0,
Planet,Strada Statale,52040,Arezzo,AR,NULL,4,,,http://www.hotelhp.it/,*,94,,,NULL,59,
La Buca del Gatto,Via dell'Astronomia 1 - Localit√† La Mazzanta,57023,Cecina,LI,NULL,3,,0586 620 265,http://www.labucadelgatto.com/,info@labucadelgatto.com.com,95,,,NULL,78,
LOCANDA BELLAVISTA,"Via Bellavista, 2",52036,Pieve Santo Stefano,AR,NULL,2,,,http://www.overplace.com/ristorante-hotel-la-terrazza-sul-lago,*,95,,,NULL,0,
PLANET,Ss 161 - Rigulino,52100,Arezzo,AR,NULL,4,,,http://www.hotelhp.it,hotelplanet@hotelhp.it,95,,,NULL,0,
RIVA DEGLI ETRUSCHI,"Via Principessa, 120",57027,San Vincenzo,LI,NULL,3,,,https://www.rivadeglietruschi.it/,info@rivadeglietruschi.it,95,,,NULL,0,
Accademia Palace,Viale Giovanni Gronchi,56121,Pisa,PI,NULL,4,,,http://www.hotel-bb.com/it/hotel/pisa.htm?utm_source=googlemaps&utm_medium=fichehotel&utm_content=it,pisa@hotelbb.com,96,,,NULL,72,
ACCADEMIA PALACE HOTEL,"Viale Giovanni Gronchi, snc",56121,Ospedaletto,PI,NULL,4,,,http://www.accademiapalacehotel.it,l.bernardo@accademiapalacehotel.it,96,,,NULL,0,
Brunelleschi,Piazza Santa Elisabetta 3,50122,Firenze,FI,NULL,4,,055 27370,https://www.hotelbrunelleschi.it/,hotelbrunelleschi-logo@2x.png,96,,,NULL,133,
BRUNELLESCHI,"Piazza Santa Elisabetta, 3",50100,Firenze,FI,NULL,4,,,https://www.hotelbrunelleschi.it/,info@hotelbrunelleschi.it,96,,,NULL,0,
CONCORDE,"Viale L. Gori, 10",50100,Firenze,FI,NULL,3,,,NULL,,96,,,NULL,0,
Grand Hotel Plaza e Locanda Maggiore,Piazza del Popolo 7,51016,Montecatini Terme,PT,NULL,4,,0572 75831,http://www.hotelplaza.it/,*,96,,,NULL,59,
LUCE SORGENTE,Loc. Aiole,58031,Arcidosso,GR,NULL,4,Charme and Relax,,http://www.parkhotelspaeresort.com/,*,96,,,NULL,0,
Park Hotel Colle degli Angeli Spa & Resort,Localit√† Aiuole,58031,Arcidosso,GR,NULL,4,,,http://www.parkhotelspaeresort.com/,*,96,,,NULL,59,
Tombolo Talasso Resort,Via del Corallo 3,57022,Castagneto Carducci,LI,NULL,5,,,http://toscanaspa.it/,info@tombolotalasso.it,96,,,NULL,200,
Villa Ricci,Viale G. di Vittorio 51,53042,Chianciano Terme,SI,NULL,3,,,http://www.hotelvillaricci.it/,info@hotelvillaricci.it,96,,,NULL,55,
MINERVA,"Piazza Santa Maria Novella, 16",50100,Firenze,FI,NULL,4,,,http://www.grandhotelminerva.com/en/default.html,info@grandhotelminerva.com,97,,,NULL,0,
Plaza & Lucchesi,Lungarno della Zecca Vecchia 38,50122,Firenze,FI,NULL,4,,(415) 776-7585,http://www.hotelplazalucchesi.it/en/index.php,lucchesi@toflorence.it,97,,,NULL,129,
PLAZA & LUCCHESI,"Lungarno Della Zecca Vecchia, 38",50100,Firenze,FI,NULL,4,,,http://www.hotelplazalucchesi.it/,lucchesi@toflorence.it,97,,,NULL,0,
Croce di Malta,Via della Scala 7,50123,Firenze,FI,NULL,4,,055 261870,http://www.crocedimaltaflorence.com/,info@crocedimaltaflorence.com,98,,,NULL,120,
CROCE DI MALTA,"Via Della Scala, 7",50123,Firenze,FI,NULL,4,,,http://www.crocedimaltaflorence.com/,info@crocedimalta.it,98,,,NULL,0,
DEMIDOFF,"Via S. Jacopo, 51 A",50036,Vaglia,FI,NULL,4,,,https://demidoffcountryresort.it/,demidoff@withinn.it,98,,,NULL,0,
PLAZA E LOCANDA MAGGIORE,"Piazza Del Popolo, 7",51016,Montecatini Terme,PT,NULL,4,,,http://www.hotelplaza.it,info@hotelplaza.it,98,,,1,0,