,
book@royalcontinental.it,
info@villacapodimonte.it,
info@lanfipepalace.com,
reservations@partenoperelais.it,
salesandmarketing@romeohotel.it,
info@hotelsantabrigida.it,
info@hotelnaples.it,
d.molisso@palazzoalabardieri.it,
info@palazzoturchini.it,
info@hotelmiramare.com,
info@hotelchiaia.it,
info@goldenhotel.it,
info@hotel-rex.it,
info@excelsior.it,
info@smhotel.it,
medinaples@gmail.com,
info@palazzodecumani.com,
info@villamargheritahotel.com,
internationasales@starhotels.com,
info@hotelpiazzabellini.com,
info@cilieginahotel.com,
info@mhhotel.it,
info@nardones48.it,
info@palazzoruffodibagnara.it,
info@atticopartenopeo.it,
info@megaridesantalucia.com,
info@decumani.com,
info@correra.it,
info@ramadanaples.com,
info@grandhoteleuropa.com,
info@hoteltoledo.com,
info@napolitamo.it,
info@relaissulmare.com,
info@palazzoesedra.it,
info@hoteltiempo.com,
info@bbsoriano44.com,
info@santachiarasuite.com,
info@suitesresidencehotel.it,
info@americanhotelnapoli.it,
info@montespina.com,
info@boviosuite.it,
info@hoteleuropeonapoli.com,
info@hotelilconvento.com,
info@albergodelgolfo.com,
reception@hotelbritannique.it,
info@napoliday.it,
info@santalucia50.it,
albergosangiorgio@inwind.it,
info@hostelnapoli.com,
info@hoteljollycaserta.it,
info@villamariacristina.eu,
g.ceceri@hotelcitycaserta.com,
reservation@grandhotelvanvitelli.it,
info@newbabyhotel.it,
info@grandhotelsalerno.it,
info@lunahotel.it,
info@miramalfi.it,
info@hotelgraal.it,
info@amalfiholidayresort.it,
info@amalfiholidayresort.it,
info@ilducatodiravello.com,
ghconventodiamalfi@nh-hotels.com,
info@marinariviera.it,
info@hotelpanoramamaiori.it,
info@ravelloresidence.it,
info@hotellaninfa.it,
info@aurora-hotel.it,
 info@hotelsantacaterina.it ,
giordano@giordanohotel.it,
reservations@villafraulo.com,
reservations@villafraulo.com,
info@hotelcrocediamalfi.it,
excelsior@excelsior-hotel.it,
info@saraceno.it,
info@hotelmargherita.info,
info@hotel-sanfrancesco.it,
info@hoteltorredimilo.it,
info@divina-costiera.it,
leterrazze@orovacanze.it,
info@marescahotel.com,
info@lefioriere.it,
info@hotelpasitea.it,
info@villayiara.it,
info@tritone.it,
info@hoteltorresaracena.it,
info@marincanto.it,
info@casabuonocore.com,
info@alcioneresidence.com,
info@palazzotalamo.it,
info@tramontodoro.it,
info@hotelposaposa.com,
info@hotellalucertola.it,
info@reginellahotel.it,
info@hotelpellegrino.it,
info@hotelancorapositano.com,
info@villafrancahotel.it,
info@villadonnafausta.com,
info@frantoiopraiano.it,
info@hotelilpino.it,
info@leagavi.it,
info@villaflaviogioia.it,
info@hotelraito.it,
info@hotelposeidonpositano.it,
info@pensionecolomba.it,
info@villadurrueli.com,
info@miramareecastello.it,
info@hotelaragona.it,
info@ilmoresco.it,
info@villalieta.it,
info@ischiabluresort.com,
hermitage@fabahotels.it,
info@rivamareischia.it,
info@giardinodelleninfee.it,
info@pagodahotel.it,
info@hotelmareblu.it,
info@hotelmyageischia.it,
info@parcodelgenerale.com,
info@albergolareginella.it,
info@casadimeglio.it,
info@hotelparcosmeraldo.com,
info@reginaisabella.it,
info@hotelsangiorgio.com,
nfo@albergoambasciatori.com,
info@hotelloreley.it,
info@sorrisoresort.it,
info@miramaresearesort.it,
info@hoteltermesanmichele.it,
info@poggioaragosta.it,
info@poggioaragosta.it,
info@hotelcitara.it,
info@romantica.net,
info@hotelmiramisischia.it,
info@puntachiarito.it,
info@puntaimperatore.it,
info@hotelnettunoischia.it,
info@hotelcavadellisola.it,
info@hotelcelestino.it,
info@villalemagnolie.it,
info@ilgattopardo.com,
info@idealhotel.it,
info@hotelolimpico.it,
info@hoteldelsolepompei.it,
info@pompeihotel.com,
villaelena-bb@hotmail.it,
info@hotelmaiuri.it,
info@pompeiresort.it,
info@hotelforum.it,
 info@dolcevitasorrento.it,
info@hoteldegliamici.it,
info@hoteldellapiccolamarina.it,
info@hoteltragara.it,
info@relaismaresca.it,
info@hotelsanfelice.com,
info@hotelweber.com ,
info@villamarinacapri.com,
info@orsamaggiore-capri.com,
info@grifohotel.it,
hotel@termecastiglione.it,
info@casadimeglio.it,
info@termemanzihotel.com,
info@hoteljollycaserta.it,
info@villamariacristina.eu,
g.ceceri@hotelcitycaserta.com,
reservation@grandhotelvanvitelli.it,
info@newbabyhotel.it,
info@grandhotelsalerno.it,
info@lunahotel.it,
info@miramalfi.it,
info@hotelgraal.it,
info@amalfiholidayresort.it,
info@amalfiholidayresort.it,
info@ilducatodiravello.com,
ghconventodiamalfi@nh-hotels.com,
info@marinariviera.it,
info@hotelpanoramamaiori.it,
info@ravelloresidence.it,
info@hotellaninfa.it,
info@aurora-hotel.it,
 info@hotelsantacaterina.it ,
giordano@giordanohotel.it,
reservations@villafraulo.com,
reservations@villafraulo.com,
info@hotelcrocediamalfi.it,
excelsior@excelsior-hotel.it,
info@saraceno.it,
info@hotelmargherita.info,
info@hotel-sanfrancesco.it,
info@hoteltorredimilo.it,
info@divina-costiera.it,
leterrazze@orovacanze.it,
info@marescahotel.com,
info@lefioriere.it,
info@hotelpasitea.it,
info@villayiara.it,
info@tritone.it,
info@hoteltorresaracena.it,
info@marincanto.it,
info@casabuonocore.com,
info@alcioneresidence.com,
info@palazzotalamo.it,
info@tramontodoro.it,
info@hotelposaposa.com,
info@hotellalucertola.it,
info@reginellahotel.it,
info@hotelpellegrino.it,
info@hotelancorapositano.com,
info@villafrancahotel.it,
info@villadonnafausta.com,
info@frantoiopraiano.it,
info@hotelilpino.it,
info@leagavi.it,
info@villaflaviogioia.it,
info@hotelraito.it,
info@hotelposeidonpositano.it,
info@pensionecolomba.it,
info@villadurrueli.com,
info@miramareecastello.it,
info@hotelaragona.it,
info@ilmoresco.it,
info@villalieta.it,
info@ischiabluresort.com,
hermitage@fabahotels.it,
info@rivamareischia.it,
info@giardinodelleninfee.it,
info@pagodahotel.it,
info@hotelmareblu.it,
info@hotelmyageischia.it,
info@parcodelgenerale.com,
info@albergolareginella.it,
info@casadimeglio.it,
info@hotelparcosmeraldo.com,
info@reginaisabella.it,
info@hotelsangiorgio.com,
nfo@albergoambasciatori.com,
info@hotelloreley.it,
info@sorrisoresort.it,
info@miramaresearesort.it,
info@hoteltermesanmichele.it,
info@poggioaragosta.it,
info@poggioaragosta.it,
info@hotelcitara.it,
info@romantica.net,
info@hotelmiramisischia.it,
info@puntachiarito.it,
info@puntaimperatore.it,
info@hotelnettunoischia.it,
info@hotelcavadellisola.it,
info@hotelcelestino.it,
info@villalemagnolie.it,
info@ilgattopardo.com,
info@idealhotel.it,
info@hotelolimpico.it,
info@hoteldelsolepompei.it,
info@pompeihotel.com,
villaelena-bb@hotmail.it,
info@hotelmaiuri.it,
info@pompeiresort.it,
info@hotelforum.it,
 info@dolcevitasorrento.it,
info@hoteldegliamici.it,
info@hoteldellapiccolamarina.it,
info@hoteltragara.it,
info@relaismaresca.it,
info@hotelsanfelice.com,
info@hotelweber.com ,
info@villamarinacapri.com,
info@orsamaggiore-capri.com,
info@grifohotel.it,
hotel@termecastiglione.it,
info@casadimeglio.it,
info@termemanzihotel.com,
info@marulivohotel.it,
info@hotelschuhmann.com,
info@villamirella.it,
info@marelunahotel.it,
info@meridiana-hotel.com,
esplanade.sa@bestwestern.it,
info@parkhotelcilento.it,
info@albergosantacaterina.com,
info@hotelkings.it,
direzione@hotelroyalsas.it,
info@villasignorinirelais.it,
info@lamedusahotel.com,
info@hoteldelfino.com,
info@relaisblu.com,
info@hotelalbatrossorrento.com,
info@hotelglidei.com,
info@hotelmaryvico.com,
info@hotel-sporting.it,
info@leancorehotel.com,
info@torrebarbara.it,
info@grandhotelangiolieri.it,
 INFO@MIRAMALFI.IT,
info@hotellaninfa.it,
info@montecaruso.it,
info@edenroc.it,
info@casabuonocore.com,
info@hotelposaposa.com,
info@reginellahotel.it,
commerciale@regiohotel.it,301