info@hotelborgognoni.it,
INFO@HOTELSONYA.IT,
info@welcomepiramhotel.com,
info@hotellunetta.com,
 info@hotelquirinale.it,
info@hoteldeiborgia.it,
info@hoteladriano.com,
info@hotelimperialeroma.it,
metropole.rm@starhotels.it,
info@albergottocento.it,
info@hotelregno.com,
 info@pantheonroyalsuite.com,
 info@florishotel.it,
info@hotelmiami.com,
reservation@hotelmajestic.com,
info@residenzasaraceno.com,
info@boutiquehoteltrevi.com,
 info@hotelcosmopolita.com.com,
booking@navonapalace.com,
gran.melia.rome@melia.com,
info@leclarissehotel.com,
reservations@splendideroyal.com,
info@palazzomontemartini.com,
,
hotelimpero@blueglobehotels.com,
augustalucilla@blueglobehotels.com,
booking@hotelpontesisto.it,
info@hotelpontesisto.it,
info@hoteldepetris.com,
michelangelo.rm@starhotels.it,
sales@bettojahotels.it,
groups@bettojahotels.it,
info@hotelmondialrome.com,
reservation@raphaelhotel.it,
info@hotelsa.it,
info@piazzadispagnasuites.com,
 info@hotelgrifo.com,
info@residenzafarnese.it,
info@albergoapollo.it,
info@hotelhiberia.it,
info@residenzafrattina.it,
hotelisa@travel.it,
info@bolivarhotel.eu,
info@hotelcondotti.com,
info@hqhtrevi.it,
info@viscontipalace.com,
info@hotelteatropace.com,
info@hotelpalatino.com,
info@hotelscalinata.com,
 info@hoteldorica.com,
info@twentyonerome.com,
info@hotelnazionale.it,
info@dolcevitaresidence.com,
reception@hotelseleneroma.it,
E-mail:info@hoteldelcorsoroma.com,
flowergarden@blueglobehotels.com,
eliseo@leonardihotels.com,
info@suiterome.it,
info@riverpalacehotel.it,
info@smeraldoroma.com,
info@hotellocarno.com,
info@hoteljulia.it,
info@ludovisipalacehotel.com ,
 booking@excelnavona.it,
info@independenthotel.it,
nazioni@remarhotels.com,
info@albergocesari.it,
info@hotelpantheon.com,
info@danielshotel.it,
info@hotelarenula.com,
info@hotelcapodafrica.com,
info@hotelitaliaroma.it,
info@mecenatepalace.com,
info@baldassinibeb.it,
info@domusromana.com,
info@relaisfontanaditrevi.com,
info@residenzapaolovi.com,
mail@hotelvirgilio.it,
 info@hotelanahi.com,
reservations@grandhoteldelaminerve.com,
aenea_rome@yahoo.com,
info@kolbehotelrome.com,
info@stayin-rome.com,
info@hotelranieri.com,
info@leclarissehotel.com,
info@hotel-esposizione.com,
info@townhousespagna.com,
info@suitesistina.com,
info@demetrahotelrome.com,
info@hotelastrid.com,
info@hotelalpi.com,
info@relaisorso.com,
info@villaferrata.it,
 booking@excelhotels.it,
 info@pantheoninn.com,
info@hotelselene.com,
 info@hotelserenaroma.it,
info@hotelarenula.com,
info@kolbehotelrome.com,
info@bergluxuryhotel.com,
info@hotelranieri.com,
info@hotel-embassy.com,
info@hisuiterome.com,
info@navonagardensuites.com,
info@hotelraffaello.it,
info@hotelraffaello.it,
information.ripetta@royaldemeure.com,
welcome@residenzaromana.it,
info@palazzocesi.it,
info@forusinn.com,
info@residenzakirome.com,
info@solealbiscione.it,
info@hotelmontecarlo.it,
 info@argentinaresidenza.com,
info@hotelforte.com,
info@hotel-esposizione.com,
info@mood44.com,
alimandivaticano@aol.com,
info@navonaluxuryapartments.com,
info@residenzasaraceno.com,
aldro@iol.it,
info@littlequeen.it,
info@hotelmedici.com,
h.touring@tiscali.it,
info@hotelirico.com,
info@hoteligearoma.it,
info@concordiahotel.it,
info@relaisbramante.com,
baylonsuites@gmail.com,
info@albergosantachiara.com,
info@hotelorlanda.com,
info@hoteloceania.it,
info@spagnaroyalsuite.com,
booking@venetiapalacehotel.com,
info@hotelfabiomassimo.com,
info@hotelnavona.com,
info@hotelborromeo.com,
info@dharmahotel.it,
colonnapalace@itihotels.it,
info@fellinibnb.com,
info@hotelsolealpantheon.com,
info@yeshotelrome.com,
info@hotelpiemonte.com,
mail@leonardihotels.com,
memphis@remarhotels.com,
info@hotelboutiquenazionale.com,
info@cencibedandbreakfast.it,
 info@pantheondimoradeglidei.com,
hotelhollywoodstella@libero.it,
info@2floor.it,
 info@hotelalexandraroma.com,
info@vaticanrooms.com,
info@donnalaurapalace.it,
info@romeriverinn.com,
info@iqhotelroma.it,
info@hoteldelcorsoroma.com,
info@hotelorazia.it,
info@villatango.com,
donatocosimo11@hotmail.it,
 info@residencecandia.com,
colosseo@hqhotels.it,
info@trastevererelais.com,
info@hotelmanfredi.it,
info@hotelpiazzadispagna.it,
roberto.cioce@napoleon.it,
info@hotelmetropolisrome.com,
info@hotelcolumbus.net,
info@58viacavour.it,
info@theoperahotel.it,
info@hotelargentinaroma.com,
info@estercampodefiori.com,
info@vaticanview.com,
welcome@hotelmancino12.com,
info@hotelgiorgina.it,
info@hotelgiuliocesare.com,
reserve@hotelamalia.com,
hotel939@hotmail.it,
info@hotellarovere.com,
sonninosuite@yahoo.it,
dolomiti@hotel-dolomiti.it,
info@hotelvaladier.com,
 info@hotelsweethome.it,
info@relaisrome.com,
deluxeroomsroma@gmail.com,
info@hoteldesartistes.com,
info@hotelmimosa.net,
info@hotelandreina.com,
info@bbsuburbisroma.it,
info@sleepwithrome.com,
info@residenzaludovisi.com,
info@hotellabelle.it,
info@eurohouseinn.it ,
info@hotelcortorillo.it,
info@hotelgravinasanpietro.com,
info@villadellerose.it,
info@hotelcorallo-roma.com,
hotel.teatrodipompeo@tiscali.it,
info@hoteldellevittorie.com,
info@grandhotelgianicolo.it,
info@hoteldomustiberina.it,
info@hotelvillasanlorenzo.it,
info@aventinohotels.com,
 info@hotelercoli.com,
info@hotelvillamangili.it,
info@hotelascotroma.com,
info@puntarossa.it,
prenotazioni@hotelcapocirceo.com,
info@ilsanfrancescohotel.it,
hotel@ledune.com,
info@albergo-mediterraneo.it,
info@palazzoseneca.com,
info@sangiorgiohotel.biz,
info@hoteltiberfiumicino.it,
info@seccyhotel.it,
info@amelindoresidence.com,
info@hotelclubisolasacra.it,
info@eurohouse.it.,
info@eurohousehotels.com,
info@alletamerici.it,
 info@hotelantonella.com,
info@ghotel.it,
info@florenzaresidence.it,
info@virgiliograndhotel.it,
info@grottaditiberio.it,
info@laplayahotel.it,
gh.palace@libero.it,
hotelposeidon@libero.it,
info@condottiinn.com,
info@domushotel.com,
st.peter6.booking@gmail.com,
info@bbfontanaditrevi.com,
info@mellini39.com,
info@hosianum.com,
info@domusborgognona.com,
info@relaislamaison.com,
info@rome-cheap-accommmodation.com,
info@dirim.it ,
info@okapirooms.it,
info@charmsuite.com,
info@romanticaonline.it,
info@tritonetophouse.com,
bbromaservice.info@gmail.com,
info@hotellaurentia.com,
info@relaistrevi41.com,
info@amor-bb.com,
info@deseohome.com,
 info@hotelrediroma.com,
info@lalocandadelmanzoni.it,
info@aureliaresidence.it,
direzione@residencehotelparioli.com,
relaisromacentro@gmail.com,
info@ancientromance.it,
info@matissebb.com,
info@beldeshotel.com,
info@imperiasuite.com,
santanna@travel.it,
CASASUFIR@GMAIL.COM,
info@residencecolombo112.it,
hotelcolors@gmail.com,
info@nardizzihotel.com,
merulanasuite@gmail.com,
info@bestsuitesroma.it,
info@houseloftrome.com,
info@ninaguesthouse.it,
infogaribaldisuites@gmail.com,
globus.rm@bestwestern.it,
bbgiardinosegreto@gmail.com,
info@cardinalhotelrome.com,
info@stjterrace.it,
info@stayinnrome.com,
info@fenixhotel.it,
info@casalipapareschi.it,
info@hotelpacificroma.com,
tiffanyromasuite@gmail.com,
 info@ottavianoguesthouse.com,
info@hotelnizzaroma.com,
info@vaticantown.com,
roma.dreamstation@gmail.com,
info@laquerciadimamre.com,
info@residenzabourbonroma.it,
info@albergodelsenato.it,
info@hotelouisiana.it,
 domusrome.a@gmail.com,
info@domusflaviae.com,
info@maisonrediroma.it,
info@dejavuroom.it,
prenotazioni@hoteldomusaugusta.it,
marketing@aldrovandi.com,
info@lagensola.com,
info@aureliavaticanapartments.com,
info@romehotelpinewood.com,
info@aurelia429.it,
info@urbana33.com,
info@hotelarearoma.it,
info@ecohotelroma.com,
viaveio52@yahoo.it,296