manager.genovasanbiagio@ideahotel.it,
manager.firenzescandicci@ideahotel.it,
info@mihotel.it,
rosa.mi@starhotels.it,
info@mediolanumhotel.com,
info@hotelmilanoscala.it,
info@hoteladam.com,
info@crowneplazamilan.com,
info@hotel-venezia.com,
info@hotelmira.it,
booking@atahotels.it,
info@residencesacchi.it,
info@albergosancarlo.it,
info@diplomatic.it,
info@hotelaaron.com,
info@bbsienaincentro.com,
info@hotelmozartmilan.com,
info@galles.it,
felicecasati.mi@bestwestern.it,
info@grandviscontipalace.com,
info@hotelmanin.it,
info@hotelcristoforocolombo.com,
stgeorge.mi@bestwestern.it,
city.mi@bestwestern.it,
info@hotelmercurio.net,
info@hoteldemo.com,
info@hoteldelizia.com,
info@hoteladelchi.it,
michelangelo@milanhotel.it,
info@hotelstazione.com,
bernina@hotelbernina.com,
info@hotelterminalmilano.com,
info@hotelberna.com,
info@hotelparadisomilan.com,
info@hotelcharly.com,
info@duomomilano.it,
galileo@milanhotel.it,
reservationsdlv@sinahotels.com,
info@hoteldeicavalieri.com,
info@hotelcarlyle.com,
hermitage@monrifhotels.com,
info@klimahotelmilanofiere.it,
info@hotelfenice.it,
info@hotelnuovometro.it,
info@albergoilgirasole.it,
info@hotelatenamilano.com,
info@hoteldover.com,
hotelpavone@tin.it,
info@hotelcinquegiornate.it,
hotel@hotelclubmilano.com,
airhotel@airhotel.it,
info@firsthotel.it,
hotelcervo@malpensa.it,
info@hotelvillamalpensa.com,
info@crowneplazamalpensa.com,
info@baglionihotels.com,
info@hotelpierremilano.it,
infos@grandhoteletdemilan.it,
melia.milano@melia.com,
info@borgoanticohotelcomo.it,
info@hotelmarcos.it,
info@palacehotel.it,
info@hotelplinius.com,
info@hotelbarchetta.it,
info@hotelvittoria.com,
info@regalhotel.it,
info@ambasciatori.net,
info@hotelcanoa.it,
info@anticafonte.com,
info@hotelpiemontese.com,
info@hotelsanmarco.com,
cappellodoro.bg@bestwestern.it,
info@gombithotel.it,
cristallo.bg@starhotels.it,
info@relaissanlorenzo.it,
 info@airportstationbergamo.com,
info@vipbergamo.com,
info@petronillahotel.com,
info@bottondoro.com,
entrolemura@tiscali.it,
info@berg-hotel.it,
info@lavallettabergamo.it,
info@hotelalberi.it,
info@cityhotelvarese.com ,
info@vecchiariva.com,
info@hotelbroletto.it,
info@hotellafavorita.it,
info@hotelabcmantova.it,
info@residenceincentro.it,
info@hoteldeigonzaga.it,
info@ottoetti.it,
info@rosengarten.pv.it,
hotel@hotelcontinentalgarda.it,
info@hotelolivi.com,
info@ghf.it,
info@hotelprincipedilazise.com,
 info@hotellapaul.it,
info@tonellihotels.com,
info@europahotelsirmione.it,
benessere@hotelacquaviva.it,
info@hotelmonrepos.com,
info@arabafenicehotel.it,
info@marziahotel.it,
info@casamariannalivigno.com,
info@miramontibormio.it,
info@cimabianca.it,
baitadeipini@baitadeipini.com,
info@belvederebellagio.com,
info@hotelbellagio.it,
dulac@tin.it,
inforequest@villaserbelloni.com,
info@paradisosullago.it,
info@hotelasnigo.it,
info@hotelmiralago.it,
villavinicia@gmail.com,
info@residencegeranio.com,
info@villa-annamaria.it,
residence.domaso@gmail.com,
info@caltahotel.it,
info@abacushotel.it,
info@hotelre.net,
info@cosmohotelpalace.it,
info@palacehotellegnano.it,
fieramilano@openhotels.it,
hotelriviera@hotelrivierasegrate.it,
info@hotelmaxim.net,
direzione@airhotel.it,
booking@atahotels.it,
info@greenhousehotel.it,
info@hotelkristallcorsico.it,
astoriagallarate@gmail.com,
pioppeto@hotelpioppeto.it,
info@zambala.it ,
info@alte-muehle.it,
goldener.loewe@dnet.it,
info@parkhotel-linde.com,
info@bellarivagardone.it,
info@grandhotelgardone.it,
info@ghf.it,
info@lidohotel.com ,
info@gardenlimone.com,
info@hotelpanoramica.com,
info@villabissiniga.it,
info@saloduparc.it,
laurinbs@tin.it,
info@hotelmilanomaderno.com,
vignetidelgarda@sognogarda.it,147