townhouse70@townhouse.it,
info@goldenpalace.it,
info@hotelduemondi.it,
hotel@lancaster.it,
info@grandhotelsitea.it,
info@romarocca.it,
majestic.to@starhotels.it,
info@hoteltorinocentro.it,
hotelfortino@pacifichotels.it,
info@hoteldockmilano.it,
info@residencesacchi.it,
info@hotel-diplomatic.it,
luxor.to@bestwestern.it,
genova.to@bestwestern.it,
info@sanpaolo-to.com,
info@principeditorino.it,
info@hotelurbani.it,
info@hotelchelsea.it,
info@parcosassihotelcom,
crimea.to@bestwestern.it,
info@hotelbostontorino.it,
nhlingotto@nh-hotels.com,
info@airpalacehotel.com,
info@hotelguala.it,
hotel@hoteldeipittori.it,
info@hoteldoganavecchia.com,
info@residencecamposmith.com,
reception@regina-palace.it ,
request@hotelroyalstresa.com,
residencevillamaurice@stresa.it,
info@milansperanza.it,
info@duparc.it,
info@grandhotelbristol.it,
 info@hlapalma.it,
info@hotelancora.it,
info@villabelvederehotel.it,
info@grandhoteldino.com,
info@grandhotelbristol.com,
info@hotelsimplon.com,
info@hotelsplendid.com,
info@hotelbeaurivage.com,
info@hotelcarillon.it,
 info@consolinihotels.com,
info@villadelsogno.it,
 info@hotel-montblanc.it ,
info@ladarsena.net,
info@glicinihotel.com,47