info@borgoritella.it,
info@dellevante.com,
info@hotelvictorbari.it,
info@parcodeiprincipibari.it,
info@baiasangiorgio.it,
commerciale@hotelmajesty.it,
info@mareresort.it,
 info@hoteltrani.it,
info@masseriadonnaloia.com,
info@hotelpinetaruvo.it,
info@lealcove.it,
booking@hotelcolledelsole.it,
info@hotelrivieratrani.it,
info@bebdeiserafini.com,
info@parkhotelsantelia.it,
info@hotelorientale.it,
info@abatemasseria.it,
info@bbisolafelice.it,
 info@palacehotelvieste.it,
commerciale@palacehotelvieste.it,
bellavistamonopoli@tiscali.it,
info@masseriabaroninuovi.it,
info@tenutamonacelle.it,
info@hotelsuiteledune.it,
sales@ilportohotel.it,
bookinglecce@8piuhotel.com,
info@masseriacaselli.it,
 info@masseriaasciano.it,
info@hotelgranparadiso.it,
melograno@melograno.com,
reservations@vestashotels.it,
info@risorgimentoresort.it,
info@hotelpresidentlecce.it,
info@eoshotel.it,
info@hotelvictorbari.it,
info@victorcountry.com,
hotel@parcodellerose.com,
reservations@cannebianche.com,
info@tenutasanfrancesco.it,
direzione@vittoriaresort.it,
info@hotelfini.it,
info@relaishisto.it,
info@palazzopersone.it,
info@nonnaiole.it,
info@hotelpinetaruvo.it,
info@villacenci.it,
info@grandhoteltiziano.it,
direzione@hoteldellepalmelecce.it,
info@sanlu.it ,
info@palazzodegiorgi.it,
info@hotelbelvederesalento.com,
info@hotelcolonne.it,
hotel@parcodellerose.com,
info@hotelvictoriagallipoli.it,
info@hotelimmagine.com,
info@villaamericana.it,
info@hotelpietrenere.it,
info@villaamericana.it,
info@hotelalbano.it,
info@albergonettuno.it,
info@hoteladria.it,
info@hoteltramonto.it,
info@hotelborgomarina.it,
info@hotelgarden.biz,
info@hotelrivablu.it,
lachiusadellemore@libero.it,
info@hotelbally.it,
info@albergovillamare.it,
info@hotel-delaville.net,
info@hotelsolaria.it,
info@hotelpietraverde.net,
 info@hotelimmagine.com,
info@hoteldellemorevieste.com,
info@fortehotelvieste.com,
info@cortediferro.it,
info@furnirussi.com,
info@otrantohotel.com,
info@nuovohotelgallipoli.it,
info@hotelbaiadellezagare.it,
info@hotelmontecallini.com,
info@bikinihotelvieste.it,
info@lidooasi.it,
info@hotelpalazzodelcorso.it,
info@relaiscortepalmieri.it,
info@palazzomoscoinn.it,
info@miramare.ws,
info@costabradaresort.it,
info@cortedinettuno.it,
info@castellosangiuseppe.it,
info@ledune-iltabu.it,
prenotazioni@oasiclubhotel.it,
info@tenutalabaronessa.it,
info@termemargherita.it,
info@hotelalbania.com,
info@miramareotranto.com,
info@hotelpalazzopapaleo.com,
info@whitehotelvieste.com,
info@hoteledentremiti.it,
info@hotelaranci.com,
federicoruberto@gmail.com,
info@imelograni.it,
info@hotelpuntasanfrancesco.it,
info@hotelmontesarago.it,
info@laterrahotel.it,104