info@hoteldellasignoria.com,
info@albergocavour.it,
info@grandhotelminerva.com,
luca@room-matehotels.com,
info@relaispiazzasignoria.com,
nhportarossa@nh-hotels.com,
info@hoteldfirenzeroma.com,
info@calzaiuoli.it,
info@hotellondra.com,
info@baglionihotels.com,
reservations.savoy@roccofortehotels.com,
adriatico.fi@bestwestern.it,
info@borghesepalace.it,
info@hotelbretagna.net,
info@hoteldelaville.it,
hotel@parkpalace.com,
info@palazzogambaflorence.com,
info@hotelpendini.it,
 info@hotelcaravaggio.it,
info@californiaflorence.it,
info@hotelrapallofirenze.it,
info@goldentowerhotel.it,
info@berchielli.it,
info@hotelaurora.info,
 info@residencehilda.com,
info@sanfirenzesuites.com,
info@laresidenzafiorentina.com,
info@hotelexecutive.it,
info@hotelgolf.it,
info@florence-apartments.net,
riccardo.zatta@fastwebnet.it,
info@hotelburchianti.it,
info@florenceviewapartments.it,
info@hotellascaletta.it,
reservations@florencehotelpittipalacealpontevecchio.com,
info@cortedeimedici.it,
info@parishotel.it,
info.flo@albanihotels.com,
info@hoteldegliorafi.it,
reservations@florencehotellaurusalduomo.com,
info@hotelmachiavelli.it,
info@hotel-berna.it,
info@hotelcollodi.com,
info@hoteldelletele.it,
info@krafthotel.it,
info@hoteljane.it,
info@hotelartatelier.com,
 info@italhotelsgroup.net,
info@relaismartinezflorence.com,
info@hoteltorreguelfa.com,
info@danteebeatrice.it,
info@pontevecchiosuites.com,
info@lacontessina.it,
info.hotelbernini@duetorrihotels.com,
info@tornabuoni1.com,
hotelsilla@hotelsilla.it,
info@arizonahotel.it,
info@hotelfirst.it,
info@hotelcantoriafirenze.it,
info@hotelalbafirenze.it,
info@cosimodemedici.com,
info@hotelmagentafirenze.it,
 info@lacasadimorfeo.it,
info@touristhousericci.com,
info@porcellinogallery.com,
info@hotelbrunelleschi.it,
palazzouguccioni@gmail.com,
isabella@room-matehotels.com,
info@wtbhotels.com,
info@florence-view.eu,
info@afittacamerealba.com,
info@locandadeiguelfi.com,
info@atlanticpalace.it,
info@hotelfiorita.com,
info@residenzavespucci.it,
info@residenzagambrinus.it,
info@allorobb.it,
info@hotelvillacarlotta.it,
info@desireehotel.com,
info@hotelnizza.com,
info@hotelduomofirenze.it,
info@bbrepubblica.com,
info@hotelmarinefirenze.com,
info@hoteljoly.it,
info@hoteladlercavalieri.com,
info@palazzoguadagni.com,
hotel@villabetania.it,
info@hotelannas.com,
pierre@remarhotels.com,
michelangelo.fi@starhotels.it,
massimogiachini@hotmail.it,
info@hotelvillacampomaggio.it,
vignale@vignale.it,
info@hotelsanniccolo.com,
info@albergodelchianti.it,
info@resortvillarosa.it ,
 info@spaltenna.it,
info@capovento.it,
info@agriturismobiagi.it,
info@villasanlucchese.com,
info@villacasalecchi.it,
info@hotelalcide.com,
info@locandalepiazze.it,
info@livernano.it,
info@castellolaleccia.com,
info@hotel-europa.it,
info@villacurinaresort.com,
info@hotelmonteriggioni.net,
info@gallinaio.it,
info@borgosanfelice.it,
info@leromite.com,
info@casolaredibucciano.com,
info@locandaviani.it,
info@locandaviani.it,
info@casaledelcotone.com,
info@hotelterrerosse.com,
info@ipinitoscana.com,
info@santopietro.it,
info@crocedimalta.com,
info@hoteltettuccio.it,
info@ercoliniesavi.it,
info@hotelmontebello.it,
info@settentrionaleesplanade.it,
info@hotelarnolfo.com,
info@hotelparmaeoriente.it,
info@hoteltamerici.it,
info@residencegloria.it,
info@franciaequirinale.it,
astoria@taddeihotels.it,
mediterraneo@taddeihotels.it,
info@hotel-reale.it,
info@davincihotel.it,
info@hotelboston.it,
info@grandhotelpanoramic.it,
info@hoteldelgolfo.it,
info@laperladelgolfo.it,
info@desireehotel.it,
info@hotelhermitage.it,
info@hotelgrottedelparadiso.com,
info@hotelprocchio.net,
info@biodola.it,
info@hotelairone.info,
info@parkhotelnapoleone.it,
belvedere.elba@elbalink.it,
info@tamerici.it,
info@elbavillamare.it,
 info@hotelselectelba.it,
info@albergostellamaris.com,
info@beltramonto.it,
info@beltramontohotel.it,
info@hotelperugina.com,
info@albergovillagaia.it,
info@ghmilano.it,
info@villadelparco.com,
info@excelsiormaddalena.com,
info@niccolinidomepalace.com,
info@riverparkhotel.it,
novellahouse@gmail.com,
info@laresidenzadellorafo.it,
info@soggiornopanerai.it,
info@stanzedeldavid.it,
info@lafarinaapartments.it,
info@bbflorencechic.com,
cortedeineri@gmail.com,
info@florencedream.it,
info@hotelnizza.com,
info@palazzogalletti.it,
info@residenzadellasignoria.com,
info@emozionifiorentine.it,
info@hotelsempione.info,
info@setteangelirooms.com,
info@hotelbolognafirenze.it,
info@villalucrezia.eu,
info@lamedicea.com,
bellavistahotel@hotmail.com ,
info@granduomo.com,
info@salviatino.com,
hotelarcadia2012@gmail.com,
info@villalasosta.com,
info@laresidenzadimichelangelo.com,
info@residencecavour.com,
reception@villabelvederefirenze.it,
info@hotelfranchi.it,
booking@cosmopolitanhotel.it,
info@edenrockresort.it,
info@hotelcentralefirenze.it,
info@hoteldeimacchiaioli.com,
info@hotelpalazzovecchio.it,
info@hotelroyalfirenze.it,
info@jandjhotel.net,
info@hotelcolomba.com,
residenzadeipucci@residenzadeipucci.com,
reception@annalenahotel.com,
fiorinohotel@tin.it,
info@albergofirenze.net,
villaolmi@toflorence.it,
 info@borgopetrognano.com,
 luciafusi@chianticortine.it,
booking@monsignore.com,
info@laselvahotel.com,
vespucci.fi@starhotels.it,
info@borgosangiusto.it,
info@hotelvillabonelli.com,
info@villafiesole.it,
info@fh-hotels.com,
info@calzaiuoli.it,
info@hotelpalatino.com,
info@palagina.it,
mail@ilburchio.it,
info@relaisvillaalvento.com,
info@hotelbixio.it,
info@hoteleuropaversilia.it,
info@hotelliu.it,
info@colombohotel.it,
info@hotelviscardo.it,
info@grandhotelimperiale.it,
reservationsvi@sinahotels.com,
info@hotelmarchionni.com,
info@hotelresidenceesplanade.it,
info@principedipiemonte.com,
info@hoteleden-viareggio.it,
info@palaceviareggio.com,
info@hotelderna.it,
info@hotelsanmichele.net,
info@ilfalconiere.it,
info@terredeicavalieri.com,
info@sanlucacortona.com,
info@villadipiazzano.com,
info@campiglioni.it,
info@hotelilviandante .it,
info@hotelterredicasole.it,
info@osteriadellorcia.com,
info@ilpiccolocastello.com,
info@etruriaresort.it,
info@palazzodelcapitano.com,
info@hoteltornese.com,
hotelromacastiglione@gmail.com,
hotelaretino@gmail.com,
info@hotelmodernosiena.it ,
info@chiusarelli.com,
 info@hotelitalia-siena.it,
info@gardenhotel.it,
info@hscsiena.it,
info@albergominerva.it,
informazioni@palazzodivalli.it,
info@residenzadepoca.it,
info@almercatobb.it,
info@hotellacolonnasiena.it,
letizia@poderelastrega.com,
info@villailborghetto.com,
info@sangalloparkhotel.it,
info@villascacciapensieri.it,
info@villaliberty.it,
booking@hotelduomo.it,
 info@hotelportaromana.com,
info@hoteletruria.com,
hotelaretino@gmail.com,
etrusco@etruscohotel.it,
hotelarezzo@gmail.com,
posta@casavolpi.it,
info@hotelvillacappugi.com,
segreteria@hotelmilanopistoia.it,
info@sanroccoagriturismo.it,
info@parkinghotelgiardino.com,
info@hotelgennarino.it,
info@hotelrex.it,
info@hotelgranduca.com,
info@hotelpresidentprato.com,
info@arthotel-museo.it,
info@patriahotel.com,
info@grandhotelduomo.it,
info@hotelbologna.pisa.it,
info@hoteltouringpisa.com,
info@relaisimiracoli.it,
info@hotelroma.pisa.it,
booking@villatowerinn.pisa.it,
info@hotelcapitol.pisa.it,
info@hotelnovecento.pisa.it,
 info@verdihotel.it,
info@centrostoricopisa.it,
san.tommaso@alice.it,
hds@email.it,
info@hotelamalfitana.it,
info@grandhotelbonanno.it,
info@hotellapace.it,
info@hostelpisatower.it,
info@hoteldellaspina.it,
info@hotelvillaprimavera.it,
relaisdeimercanti@gmail.com,
info@hotelathenapisa.it,
info@ilmattinopisa.it,
 info@hotelterminusplaza.it,
info@hotelairone.eu,
nuovagrosseto@tin.it,
info@michelangelocarrara.it,
info@wallart.it,
palazzopuccini@gmail.com,
info@villacortedeglidei.it,
elisa@luccainvilla.it,
sanmarco@luccainvilla.it,
info@universolucca.com,
info@piccoloritz.it,
info@albergocelide.it,
info@casapaolina.it,
info@allacortedegliangeli.com,
info@anfiteatrolucca.it,
info@eurostarstoscana.com,
info@hotelnapoleonlucca.com,
info@bbvillaagneselucca.it,
info@palazzorocchi.it,
info@hotellaluna.com,
reservation@hotelilaria.com,
info@anticaresidenzadellangelo.com,
info@anticacortedeiprincipi.it,
info@luccaportasantanna.com,
info@larondinecasavacanze.com,
info@hotelsanmarcolucca.com,
info@hotelprincipessalucca.it,
info@villacheli.it,
info@poderedelpriorato.it,
info@hotellucerna.it,
info@approdo.it,
info@hotelexcelsior.it,
info@hoteltirrenomarinadimassa.it,
hotel@tizianahotel.com,
info@hotelmaremonti.com,
info@hotelmarinetta.it,
info@parkinghotelgiardino.com,
booking@monsignore.com,
info@admiralpalace.it,
reservations@arezzoparkhotel.com,
info@albergoiduecigni.it,
info@hotellecapanne.com,
info@lasovana.com,
info@villabarberino.it,
norcenni.girasole@camping.it ,
girasole@ecvacanze.it,
info@poderedelpriorato.it,
info@hotellucerna.it,
info@approdo.it,
info@hotelexcelsior.it,
info@hoteltirrenomarinadimassa.it,
hotel@tizianahotel.com,
info@hotelmaremonti.com,
info@hotelmarinetta.it,
info@parkinghotelgiardino.com,
booking@monsignore.com,
info@admiralpalace.it,
reservations@arezzoparkhotel.com,
info@albergoiduecigni.it,
info@hotellecapanne.com,
info@lasovana.com,
info@villabarberino.it,
norcenni.girasole@camping.it ,
girasole@ecvacanze.it,355