info@hotel-venezia.com,
info@anticodoge.com,
info@hotelbellearti.com,
sanmarco@sanmarcohotels.com,
request@aiduefanali.com,
info@hoteldelloperavenice.com,
reception@hotelfalier.com,
info@venicehoteladriatico.com,
info@hotel-florida.com,
info@aironehotel.com,
info@hotelprincipevenice.it,
mailbox@hotelmonaco.it,
info@hotelaireali.com,
info@palacebonvecchiati.it,
info@hotelconcordia.com,
info@hotelflora.it,
info@hotelfoscaripalace.com,
centurionpalace@sinahotels.com,
info@hotelarlecchino.com,
info@hotelbelsito.info,
info@carnivalpalace.com,
info@hotelalcyone.com,
info@locandaalgambero.com,
info@hotelsavoiajolanda.com,
info@hotelsanlucavenice.com,
info@hoteluniversoenord.com,
info@hotelbonvecchiati.it,
info@palazzoodoni.com,
palazzosantangelo@sinahotels.com,
info@hotelsalute.com,
booking@palazzoparuta.com,
booking@palazzettopisani.com,
info@alducadivenezia.com,
info@hotelcolombina.com,
info@hotelbelleepoque.it,
info@abbaziahotel.com,
info@hotelbellavenezia.com,
info@palazzostern.it,
info@hotelmarconi.it,
info@commediahotel.com,
info@locandadelaspada.it,
info@casanicolopriuli.com,
info@hotelpalazzogiovanelli.com,
info@palazzettomadonna.com,
info@locandadelconsole.com,
info@anticodoge.com,
info@ciliota.it,
info@hotelsaturnia.it,
sanmarcopalace@sanmarcohotels.com,
info@capedrocchi.it,
info@hotelalvagon.com,
info@relaisanmarcovenice.com,
info@hotelbucintoro.com,
info@casasulmolo.it,
info@residencecortenova.com,
info@hotelcontinentalvenice.com,
info@hoteltorino.com,
info@hotelnoemi.com,
info@anticacasacoppo.it,
info@pensioneaccademia.it,
info@hotelarcadia.net,
info@casadeuscoli.com,
info@hotel-leisole.it,
reception@hotelamerican.com,
info@aquapalace.it,
info@mignonvenice.com,
info@hotelcasanova.it,
info@hotelcanigra.com,
info@hotelilmorodivenezia.com,
info@caangeli.it,
info@casaverardo.it,
info@hotelcastello.it,
info@hotelmercurio.com,
info@cagottardi.com,
info@antigotrovatore.it,
info@venicehotelcadoro.com,
info@aldogebeato.com,
info@minellipalace.com,
info@hotelcaformenta.it,
info@caalvise.it,
info@adplacevenice.com,
info@cadelnobile.com,
info@hotelcazose.com,
info@zaguri.net,
info@hotelbecher.com,
info@casanrocco.it,
info@cacappellis.it,
info@cadeiconti.com,
reception@hotelfalier.com,
info@hotelalleguglie.com,
info@hotelcittadimilano.com,
info@casantospirito.it,
info@alpontedeisospiri.it,
info@corte1321.com,
info@venicelaresidenza.com,
info@hotelcanaletto.com,
info@hotelorion.it,
leon@hotelalleon.com,
info@veneziaresidence.com,99